,Compound Score,Date,Negative Score,Neutral Score,News Outlet,Positive Score,Tweet Count,Tweet Text
0,-0.0258,2018-10-03 23:09:51+00:00,0.211,0.655,@BBC,0.135,1,RT @carolecadwalla: Perfect. I look forward to her getting no hard questions on her role in colluding with - and covering up - Russian inte‚Ä¶
1,-0.0258,2018-10-03 23:09:41+00:00,0.211,0.655,@BBC,0.135,2,RT @carolecadwalla: Perfect. I look forward to her getting no hard questions on her role in colluding with - and covering up - Russian inte‚Ä¶
2,-0.0258,2018-10-03 23:09:35+00:00,0.211,0.655,@BBC,0.135,3,RT @carolecadwalla: Perfect. I look forward to her getting no hard questions on her role in colluding with - and covering up - Russian inte‚Ä¶
3,0.0772,2018-10-03 23:09:22+00:00,0.0,0.936,@BBC,0.064,4,RT @carolecadwalla: Number of @bbc reports on Kremlin's attempts to influence @arron_banks &amp; @nigel_farage's LeaveEU campaign? 0. If any pa‚Ä¶
4,-0.4588,2018-10-03 23:09:16+00:00,0.217,0.783,@BBC,0.0,5,"RT @Amador_OEA: #UNsays Courts in #Nicaragua have relied on testimonies to accuse people of serious crimes in relation to protests, includi‚Ä¶"
5,-0.0258,2018-10-03 23:09:08+00:00,0.211,0.655,@BBC,0.135,6,RT @carolecadwalla: Perfect. I look forward to her getting no hard questions on her role in colluding with - and covering up - Russian inte‚Ä¶
6,-0.5267,2018-10-03 23:08:58+00:00,0.206,0.794,@BBC,0.0,7,"RT @carolecadwalla: When @BBCPanorama dropped its report into both Cambridge Analytica &amp; Vote Leave overspending scandals, I didn't think i‚Ä¶"
7,-0.5267,2018-10-03 23:08:55+00:00,0.206,0.794,@BBC,0.0,8,"RT @carolecadwalla: When @BBCPanorama dropped its report into both Cambridge Analytica &amp; Vote Leave overspending scandals, I didn't think i‚Ä¶"
8,-0.0258,2018-10-03 23:08:53+00:00,0.211,0.655,@BBC,0.135,9,RT @carolecadwalla: Perfect. I look forward to her getting no hard questions on her role in colluding with - and covering up - Russian inte‚Ä¶
9,0.0772,2018-10-03 23:08:46+00:00,0.0,0.936,@BBC,0.064,10,RT @carolecadwalla: Number of @bbc reports on Kremlin's attempts to influence @arron_banks &amp; @nigel_farage's LeaveEU campaign? 0. If any pa‚Ä¶
10,0.0772,2018-10-03 23:08:39+00:00,0.0,0.936,@BBC,0.064,11,RT @carolecadwalla: Number of @bbc reports on Kremlin's attempts to influence @arron_banks &amp; @nigel_farage's LeaveEU campaign? 0. If any pa‚Ä¶
11,0.0,2018-10-03 23:08:36+00:00,0.0,1.0,@BBC,0.0,12,One would have expected @channelstv @AIT_Online and @NTANewsNow to have a stationed OB Van at the scene of #JosPond‚Ä¶ https://t.co/ECnRw01opB
12,0.0772,2018-10-03 23:08:28+00:00,0.0,0.936,@BBC,0.064,13,RT @carolecadwalla: Number of @bbc reports on Kremlin's attempts to influence @arron_banks &amp; @nigel_farage's LeaveEU campaign? 0. If any pa‚Ä¶
13,-0.0258,2018-10-03 23:08:27+00:00,0.211,0.655,@BBC,0.135,14,RT @carolecadwalla: Perfect. I look forward to her getting no hard questions on her role in colluding with - and covering up - Russian inte‚Ä¶
14,-0.0258,2018-10-03 23:08:23+00:00,0.211,0.655,@BBC,0.135,15,RT @carolecadwalla: Perfect. I look forward to her getting no hard questions on her role in colluding with - and covering up - Russian inte‚Ä¶
15,-0.0258,2018-10-03 23:08:15+00:00,0.211,0.655,@BBC,0.135,16,RT @carolecadwalla: Perfect. I look forward to her getting no hard questions on her role in colluding with - and covering up - Russian inte‚Ä¶
16,0.0,2018-10-03 23:07:57+00:00,0.0,1.0,@BBC,0.0,17,@andreasteeleio @BBC @lizbonnin @BBCOne Adults need to be educated also...i don't think people really understand ho‚Ä¶ https://t.co/Ap0Cgdmv9B
17,0.3818,2018-10-03 23:07:49+00:00,0.0,0.874,@BBC,0.126,18,"RT @Esther_Voet: Now on #Newsnight, @bbc, Sir David #Attenborough: ‚ÄúThe population growth has got to come to an end.‚Äù"
18,0.4404,2018-10-03 23:07:48+00:00,0.0,0.879,@BBC,0.121,19,RT @BBC: ‚ù§Ô∏è Couples will soon be able to choose a civil partnership instead of a marriage thanks to Rebecca and Charles. https://t.co/nampx‚Ä¶
19,0.0,2018-10-03 23:07:42+00:00,0.0,1.0,@BBC,0.0,20,@carolecadwalla @BBC ....because everyone else must be dead.......
20,0.0,2018-10-03 23:07:14+00:00,0.0,1.0,@BBC,0.0,21,"Was it the junior apprentice on today, because i didn‚Äôt see any real business minded adults in week one @bbc  #TheApprentice2018"
21,0.0,2018-10-03 23:06:56+00:00,0.0,1.0,@BBC,0.0,22,RT @BBC: üéß‚ù§Ô∏è Dementia playlists are making such a big difference to these people.  https://t.co/ojVDVuP6to
22,-0.0258,2018-10-03 23:06:39+00:00,0.211,0.655,@BBC,0.135,23,RT @carolecadwalla: Perfect. I look forward to her getting no hard questions on her role in colluding with - and covering up - Russian inte‚Ä¶
23,0.2023,2018-10-03 23:06:24+00:00,0.0,0.904,@BBC,0.096,24,"RT @judithnwana: ‚ÄòThe election? It doesn't concern us'. According to ICG, the #SouthernCameroons secessionists control ""a significant propo‚Ä¶"
24,0.0,2018-10-03 23:06:24+00:00,0.0,1.0,@BBC,0.0,25,@FoxNews @CNNPolitics @realDonaldTrump @SenateGOP @congressdotgov @SpeakerRyan @SenateDems @seanhannity @Reuters‚Ä¶ https://t.co/Il78JyKXQ8
25,0.6932,2018-10-03 23:06:15+00:00,0.0,0.76,@BBC,0.24,26,@Vegan_Worldd @BBC @vegan @veganoutreach  HOW THE FU** he could think its a HAPPY VIBE THERE BRUH?! https://t.co/3ByUkAEFQ7
26,-0.5267,2018-10-03 23:05:58+00:00,0.206,0.794,@BBC,0.0,27,"RT @carolecadwalla: When @BBCPanorama dropped its report into both Cambridge Analytica &amp; Vote Leave overspending scandals, I didn't think i‚Ä¶"
27,-0.0258,2018-10-03 23:05:43+00:00,0.211,0.655,@BBC,0.135,28,RT @carolecadwalla: Perfect. I look forward to her getting no hard questions on her role in colluding with - and covering up - Russian inte‚Ä¶
28,-0.0258,2018-10-03 23:05:33+00:00,0.211,0.655,@BBC,0.135,29,RT @carolecadwalla: Perfect. I look forward to her getting no hard questions on her role in colluding with - and covering up - Russian inte‚Ä¶
29,0.0,2018-10-03 23:05:19+00:00,0.0,1.0,@BBC,0.0,30,RT @relovedreams: Wonder why only @bbc journalists were allowed to interview @theresa_may ? ü§î moderate! Fecking moderate! What's moderate a‚Ä¶
30,0.0772,2018-10-03 23:05:16+00:00,0.0,0.936,@BBC,0.064,31,RT @carolecadwalla: Number of @bbc reports on Kremlin's attempts to influence @arron_banks &amp; @nigel_farage's LeaveEU campaign? 0. If any pa‚Ä¶
31,-0.2732,2018-10-03 23:05:08+00:00,0.154,0.846,@BBC,0.0,32,"#UNsays Courts in #Nicaragua have relied on testimonies to accuse people of serious crimes in relation to protests,‚Ä¶ https://t.co/OVILmKHAFk"
32,-0.5267,2018-10-03 23:04:56+00:00,0.206,0.794,@BBC,0.0,33,"RT @carolecadwalla: When @BBCPanorama dropped its report into both Cambridge Analytica &amp; Vote Leave overspending scandals, I didn't think i‚Ä¶"
33,-0.5267,2018-10-03 23:04:53+00:00,0.206,0.794,@BBC,0.0,34,"RT @carolecadwalla: When @BBCPanorama dropped its report into both Cambridge Analytica &amp; Vote Leave overspending scandals, I didn't think i‚Ä¶"
34,-0.5267,2018-10-03 23:04:51+00:00,0.206,0.794,@BBC,0.0,35,"RT @carolecadwalla: When @BBCPanorama dropped its report into both Cambridge Analytica &amp; Vote Leave overspending scandals, I didn't think i‚Ä¶"
35,-0.0258,2018-10-03 23:04:37+00:00,0.211,0.655,@BBC,0.135,36,RT @carolecadwalla: Perfect. I look forward to her getting no hard questions on her role in colluding with - and covering up - Russian inte‚Ä¶
36,0.0772,2018-10-03 23:04:35+00:00,0.0,0.936,@BBC,0.064,37,RT @carolecadwalla: Number of @bbc reports on Kremlin's attempts to influence @arron_banks &amp; @nigel_farage's LeaveEU campaign? 0. If any pa‚Ä¶
37,0.6808,2018-10-03 23:04:15+00:00,0.0,0.752,@BBC,0.248,38,"""Then truth behind my fried chicken"" on @BBC

@HezronSpringer goes on a journey

Finds out where his beloved fried‚Ä¶ https://t.co/krRFsp4gA1"
38,0.4404,2018-10-03 23:04:11+00:00,0.0,0.734,@BBC,0.266,39,@carolecadwalla @BBC Surely the only question should be WHY?
39,0.802,2018-10-03 23:03:52+00:00,0.0,0.725,@BBC,0.275,40,@BarbaraMcK42 @carolecadwalla @BBC She won an award for it and now Canadian TV are looking into it. For obvious rea‚Ä¶ https://t.co/jbGrWVqsvP
40,-0.5267,2018-10-03 23:03:42+00:00,0.206,0.794,@BBC,0.0,41,"RT @carolecadwalla: When @BBCPanorama dropped its report into both Cambridge Analytica &amp; Vote Leave overspending scandals, I didn't think i‚Ä¶"
41,0.0772,2018-10-03 23:03:36+00:00,0.0,0.936,@BBC,0.064,42,RT @carolecadwalla: Number of @bbc reports on Kremlin's attempts to influence @arron_banks &amp; @nigel_farage's LeaveEU campaign? 0. If any pa‚Ä¶
42,-0.6249,2018-10-03 23:03:30+00:00,0.163,0.837,@BBC,0.0,43,"RT @MarkGBblog: What did @10DowningStreet learn from Iraq?
1. Use terrorists instead of troops - Syria 
2. Use 'no-fly zones' for bombing -‚Ä¶"
43,0.0,2018-10-03 23:03:13+00:00,0.0,1.0,@BBC,0.0,44,RT @1TommyBurke: @carolecadwalla @BBC You should sharpen your pen towards BBC news editors and management. It seems highly likely they are‚Ä¶
44,-0.5267,2018-10-03 23:02:57+00:00,0.206,0.794,@BBC,0.0,45,"RT @carolecadwalla: When @BBCPanorama dropped its report into both Cambridge Analytica &amp; Vote Leave overspending scandals, I didn't think i‚Ä¶"
45,0.4497,2018-10-03 23:02:55+00:00,0.0,0.882,@BBC,0.118,46,RT @IslaArundel: @carolecadwalla @BBC Is it not time to swallow the unpalatable but unavoidable truth that the BBC has been complicit in th‚Ä¶
46,-0.5267,2018-10-03 23:02:35+00:00,0.206,0.794,@BBC,0.0,47,"RT @carolecadwalla: When @BBCPanorama dropped its report into both Cambridge Analytica &amp; Vote Leave overspending scandals, I didn't think i‚Ä¶"
47,-0.0258,2018-10-03 23:02:35+00:00,0.211,0.655,@BBC,0.135,48,RT @carolecadwalla: Perfect. I look forward to her getting no hard questions on her role in colluding with - and covering up - Russian inte‚Ä¶
48,-0.0258,2018-10-03 23:02:28+00:00,0.211,0.655,@BBC,0.135,49,RT @carolecadwalla: Perfect. I look forward to her getting no hard questions on her role in colluding with - and covering up - Russian inte‚Ä¶
49,0.296,2018-10-03 23:02:24+00:00,0.124,0.693,@BBC,0.183,50,RT @TheRodCooper: @carolecadwalla @PoliticsTosser @BBC Appalling woman has a new book to plug. BBC happy to oblige...
50,0.0772,2018-10-03 23:02:24+00:00,0.0,0.936,@BBC,0.064,51,RT @carolecadwalla: Number of @bbc reports on Kremlin's attempts to influence @arron_banks &amp; @nigel_farage's LeaveEU campaign? 0. If any pa‚Ä¶
51,-0.0258,2018-10-03 23:02:19+00:00,0.211,0.655,@BBC,0.135,52,RT @carolecadwalla: Perfect. I look forward to her getting no hard questions on her role in colluding with - and covering up - Russian inte‚Ä¶
52,-0.6705,2018-10-03 23:02:18+00:00,0.2,0.8,@BBC,0.0,53,"RT @BBC: Over 300,000 marine animals are killed after becoming entangled in fishing gear every year. 
#DrowningInPlastic #PlasticsAction ht‚Ä¶"
53,-0.6808,2018-10-03 23:02:15+00:00,0.272,0.728,@BBC,0.0,54,RT @AmrineDouglas: @carolecadwalla @BBC #BBCswitchoff   Investigate the fraud behind Brexit - how strange that even the Canadian government‚Ä¶
54,0.0,2018-10-03 23:02:05+00:00,0.0,1.0,@BBC,0.0,55,RT @Paine18Tom: @carolecadwalla @BBC https://t.co/BAgyrZi5Zx
55,-0.0258,2018-10-03 23:02:00+00:00,0.211,0.655,@BBC,0.135,56,RT @carolecadwalla: Perfect. I look forward to her getting no hard questions on her role in colluding with - and covering up - Russian inte‚Ä¶
56,0.5994,2018-10-03 23:01:51+00:00,0.0,0.83,@BBC,0.17,57,"RT @_Claire_Ingram: I'm at York's beautiful Holy Trinity Church for the @labsofdc @BBC #WhatIsLove interactive video, based on Object Based‚Ä¶"
57,-0.6705,2018-10-03 23:01:41+00:00,0.2,0.8,@BBC,0.0,58,"RT @BBC: Over 300,000 marine animals are killed after becoming entangled in fishing gear every year. 
#DrowningInPlastic #PlasticsAction ht‚Ä¶"
58,0.4497,2018-10-03 23:01:40+00:00,0.0,0.882,@BBC,0.118,59,RT @IslaArundel: @carolecadwalla @BBC Is it not time to swallow the unpalatable but unavoidable truth that the BBC has been complicit in th‚Ä¶
59,0.2023,2018-10-03 23:01:37+00:00,0.0,0.904,@BBC,0.096,60,"RT @judithnwana: ‚ÄòThe election? It doesn't concern us'. According to ICG, the #SouthernCameroons secessionists control ""a significant propo‚Ä¶"
60,0.5994,2018-10-03 23:01:33+00:00,0.0,0.83,@BBC,0.17,61,"RT @_Claire_Ingram: I'm at York's beautiful Holy Trinity Church for the @labsofdc @BBC #WhatIsLove interactive video, based on Object Based‚Ä¶"
61,0.0,2018-10-03 23:01:30+00:00,0.0,1.0,@BBC,0.0,62,@JaneSowler @carolecadwalla @BBC I have
62,-0.0258,2018-10-03 23:01:29+00:00,0.211,0.655,@BBC,0.135,63,RT @carolecadwalla: Perfect. I look forward to her getting no hard questions on her role in colluding with - and covering up - Russian inte‚Ä¶
63,0.2023,2018-10-03 23:01:14+00:00,0.0,0.904,@BBC,0.096,64,"RT @judithnwana: ‚ÄòThe election? It doesn't concern us'. According to ICG, the #SouthernCameroons secessionists control ""a significant propo‚Ä¶"
64,0.5574,2018-10-03 23:00:58+00:00,0.0,0.813,@BBC,0.187,65,"RT @UNICEF_Nigeria: We agree with John Mary - every girl and boy, everywhere in Nigeria, is entitled to attend school and learn. https://t.‚Ä¶"
65,-0.5267,2018-10-03 23:00:22+00:00,0.206,0.794,@BBC,0.0,66,"RT @carolecadwalla: When @BBCPanorama dropped its report into both Cambridge Analytica &amp; Vote Leave overspending scandals, I didn't think i‚Ä¶"
66,-0.0258,2018-10-03 22:59:40+00:00,0.211,0.655,@BBC,0.135,67,RT @carolecadwalla: Perfect. I look forward to her getting no hard questions on her role in colluding with - and covering up - Russian inte‚Ä¶
67,-0.7096,2018-10-03 22:59:10+00:00,0.247,0.753,@BBC,0.0,68,"RT @IykeObedOnuorah: Britain thought nigeria how to rig election vote, falsfy census figures. 100yrs later, Britain is still killing Biafra‚Ä¶"
68,0.0772,2018-10-03 22:59:05+00:00,0.0,0.936,@BBC,0.064,69,RT @carolecadwalla: Number of @bbc reports on Kremlin's attempts to influence @arron_banks &amp; @nigel_farage's LeaveEU campaign? 0. If any pa‚Ä¶
69,0.4497,2018-10-03 22:58:53+00:00,0.0,0.882,@BBC,0.118,70,RT @IslaArundel: @carolecadwalla @BBC Is it not time to swallow the unpalatable but unavoidable truth that the BBC has been complicit in th‚Ä¶
70,0.0,2018-10-03 22:58:47+00:00,0.0,1.0,@BBC,0.0,71,RT @chuffy13579: @PeterTatchell @BBCPolitics I notice @Jo_Coburn skated over the issue you were there to discuss which was the rampant homo‚Ä¶
71,0.0772,2018-10-03 22:58:46+00:00,0.0,0.936,@BBC,0.064,72,RT @carolecadwalla: Number of @bbc reports on Kremlin's attempts to influence @arron_banks &amp; @nigel_farage's LeaveEU campaign? 0. If any pa‚Ä¶
72,0.7269,2018-10-03 22:58:42+00:00,0.0,0.747,@BBC,0.253,73,"@carolecadwalla @BBC Ok Carole, I‚Äôm coming from the position of someone who has loved the BBC since I started liste‚Ä¶ https://t.co/oWzed8Lpgc"
73,-0.0258,2018-10-03 22:58:34+00:00,0.211,0.655,@BBC,0.135,74,RT @carolecadwalla: Perfect. I look forward to her getting no hard questions on her role in colluding with - and covering up - Russian inte‚Ä¶
74,0.0,2018-10-03 22:58:27+00:00,0.0,1.0,@BBC,0.0,75,#Youknowyouareabiologistwhen the @BBC mystery has ‚Äúteeth knocked out by the murderer‚Äù and they are OBVIOUSLY health‚Ä¶ https://t.co/ymJIYqpMTb
75,-0.0258,2018-10-03 22:58:23+00:00,0.211,0.655,@BBC,0.135,76,RT @carolecadwalla: Perfect. I look forward to her getting no hard questions on her role in colluding with - and covering up - Russian inte‚Ä¶
76,-0.5267,2018-10-03 22:58:21+00:00,0.206,0.794,@BBC,0.0,77,"RT @carolecadwalla: When @BBCPanorama dropped its report into both Cambridge Analytica &amp; Vote Leave overspending scandals, I didn't think i‚Ä¶"
77,-0.0258,2018-10-03 22:58:20+00:00,0.211,0.655,@BBC,0.135,78,RT @carolecadwalla: Perfect. I look forward to her getting no hard questions on her role in colluding with - and covering up - Russian inte‚Ä¶
78,-0.5267,2018-10-03 22:58:16+00:00,0.206,0.794,@BBC,0.0,79,"RT @carolecadwalla: When @BBCPanorama dropped its report into both Cambridge Analytica &amp; Vote Leave overspending scandals, I didn't think i‚Ä¶"
79,-0.6705,2018-10-03 22:57:56+00:00,0.2,0.8,@BBC,0.0,80,"RT @BBC: Over 300,000 marine animals are killed after becoming entangled in fishing gear every year. 
#DrowningInPlastic #PlasticsAction ht‚Ä¶"
80,-0.5267,2018-10-03 22:57:48+00:00,0.206,0.794,@BBC,0.0,81,"RT @carolecadwalla: When @BBCPanorama dropped its report into both Cambridge Analytica &amp; Vote Leave overspending scandals, I didn't think i‚Ä¶"
81,-0.5267,2018-10-03 22:57:38+00:00,0.206,0.794,@BBC,0.0,82,"RT @carolecadwalla: When @BBCPanorama dropped its report into both Cambridge Analytica &amp; Vote Leave overspending scandals, I didn't think i‚Ä¶"
82,-0.0258,2018-10-03 22:57:27+00:00,0.211,0.655,@BBC,0.135,83,RT @carolecadwalla: Perfect. I look forward to her getting no hard questions on her role in colluding with - and covering up - Russian inte‚Ä¶
83,-0.0258,2018-10-03 22:57:21+00:00,0.211,0.655,@BBC,0.135,84,RT @carolecadwalla: Perfect. I look forward to her getting no hard questions on her role in colluding with - and covering up - Russian inte‚Ä¶
84,-0.5267,2018-10-03 22:57:14+00:00,0.206,0.794,@BBC,0.0,85,"RT @carolecadwalla: When @BBCPanorama dropped its report into both Cambridge Analytica &amp; Vote Leave overspending scandals, I didn't think i‚Ä¶"
85,0.0772,2018-10-03 22:57:13+00:00,0.0,0.936,@BBC,0.064,86,RT @carolecadwalla: Number of @bbc reports on Kremlin's attempts to influence @arron_banks &amp; @nigel_farage's LeaveEU campaign? 0. If any pa‚Ä¶
86,-0.0258,2018-10-03 22:57:11+00:00,0.211,0.655,@BBC,0.135,87,RT @carolecadwalla: Perfect. I look forward to her getting no hard questions on her role in colluding with - and covering up - Russian inte‚Ä¶
87,-0.0258,2018-10-03 22:57:10+00:00,0.211,0.655,@BBC,0.135,88,RT @carolecadwalla: Perfect. I look forward to her getting no hard questions on her role in colluding with - and covering up - Russian inte‚Ä¶
88,-0.4215,2018-10-03 22:56:52+00:00,0.127,0.82,@BBC,0.053,89,"@carolecadwalla @BBCPanorama @BBC What, you want someone else to do your work for you? Shame on you if you claim to‚Ä¶ https://t.co/pOFaocJUht"
89,0.0772,2018-10-03 22:56:40+00:00,0.0,0.936,@BBC,0.064,90,RT @carolecadwalla: Number of @bbc reports on Kremlin's attempts to influence @arron_banks &amp; @nigel_farage's LeaveEU campaign? 0. If any pa‚Ä¶
90,0.0,2018-10-03 22:56:37+00:00,0.0,1.0,@BBC,0.0,91,RT @AndyGibsonTV: Not only is @ZoeTheBall the first lady to ever present the @BBCRadio2 Breakfast Show. She's the first woman to host BOTH‚Ä¶
91,0.0,2018-10-03 22:56:19+00:00,0.0,1.0,@BBC,0.0,92,@FoxNews @CNNPolitics @realDonaldTrump @SenateGOP @congressdotgov @SpeakerRyan @SenateDems @seanhannity @Reuters‚Ä¶ https://t.co/dwyqL6Pb55
92,-0.0258,2018-10-03 22:56:00+00:00,0.211,0.655,@BBC,0.135,93,RT @carolecadwalla: Perfect. I look forward to her getting no hard questions on her role in colluding with - and covering up - Russian inte‚Ä¶
93,-0.5267,2018-10-03 22:55:58+00:00,0.206,0.794,@BBC,0.0,94,"RT @carolecadwalla: When @BBCPanorama dropped its report into both Cambridge Analytica &amp; Vote Leave overspending scandals, I didn't think i‚Ä¶"
94,0.0772,2018-10-03 22:55:50+00:00,0.0,0.936,@BBC,0.064,95,RT @carolecadwalla: Number of @bbc reports on Kremlin's attempts to influence @arron_banks &amp; @nigel_farage's LeaveEU campaign? 0. If any pa‚Ä¶
95,0.0,2018-10-03 22:55:45+00:00,0.0,1.0,@BBC,0.0,96,"@CapnOveur @A_Liberty_Rebel @theresa_may His video blog was filmed &amp; live streamed on facebook, before &amp; during the‚Ä¶ https://t.co/S2BWWXslya"
96,0.0772,2018-10-03 22:55:43+00:00,0.0,0.936,@BBC,0.064,97,RT @carolecadwalla: Number of @bbc reports on Kremlin's attempts to influence @arron_banks &amp; @nigel_farage's LeaveEU campaign? 0. If any pa‚Ä¶
97,0.4588,2018-10-03 22:55:40+00:00,0.0,0.81,@BBC,0.19,98,RT @swabhimani1: Aadhar Related #SupremeCourt Verdict &amp; Controversy: What will happen if you already shared the #AADHARCARD ?... https://t.‚Ä¶
98,-0.0258,2018-10-03 22:55:35+00:00,0.211,0.655,@BBC,0.135,99,RT @carolecadwalla: Perfect. I look forward to her getting no hard questions on her role in colluding with - and covering up - Russian inte‚Ä¶
99,0.34,2018-10-03 22:55:22+00:00,0.0,0.893,@BBC,0.107,100,"RT @jaenturismo: Nigel Barden @NigelBarden, una de las voces m√°s autorizadas de la gastronom√≠a del #ReinoUnido (@BBC) ha visitado el stand‚Ä¶"
0,0.0,2018-10-03 23:09:34+00:00,0.0,1.0,@CBS,0.0,1,@colbertlateshow @happytogether @CBS @wayansjr But why does the screenshot say Waynes? https://t.co/HXrevbBWdg
1,0.1867,2018-10-03 23:09:27+00:00,0.0,0.927,@CBS,0.073,2,"RT @SEALTeamWriters: It's go time, boys. üëèüèΩüëèüèΩüëèüèΩ Season 2 of @SEALTeamCBS premieres in TWO HOURS at 9/8c on @CBS. Don't miss it! ‚ù§Ô∏èüá∫üá∏‚öìÔ∏è #SEA‚Ä¶"
2,0.3612,2018-10-03 23:09:26+00:00,0.0,0.902,@CBS,0.098,3,RT @CBSWatch: Stylin‚Äô and profilin‚Äô. See the cast of @CrimMinds_CBS like you never have before üëâ https://t.co/snhiKhXWBW Then catch them fo‚Ä¶
3,0.5719,2018-10-03 23:08:39+00:00,0.0,0.829,@CBS,0.171,4,@colbertlateshow @happytogether @CBS @wayansjr He's right. But I think the easiest way to know that the Earth is ru‚Ä¶ https://t.co/WOvx6xPVdW
4,0.4515,2018-10-03 23:08:29+00:00,0.0,0.881,@CBS,0.119,5,"RT @colbertlateshow: Is the Earth round or flat? Or neither? Damon Wayans Jr., star of @HappyTogether on @CBS, helps us settle this #FlatEa‚Ä¶"
5,0.0,2018-10-03 23:08:29+00:00,0.0,1.0,@CBS,0.0,6,RT @ATWATEROBSERVER: RESIST! @CBS @ABC7 @NBCLA @FoxNews @FOXLA @OANN @SenateGOP @WhiteHouse @lisamurkowski @SenBobCorker @HouseGOP @DC #Was‚Ä¶
6,0.8313,2018-10-03 23:08:16+00:00,0.0,0.506,@CBS,0.494,7,@Deniselamond23 @ScottBakula @NCISNewOrleans @CBS @JDS_PR üòä thank you!
7,0.5848,2018-10-03 23:08:04+00:00,0.0,0.807,@CBS,0.193,8,RT @survivorcbs: Sit back and relax... it's #Survivor night! Join @JeffProbst for all the adventure tonight at 8/7c on @CBS and @cbsallacce‚Ä¶
8,0.8313,2018-10-03 23:07:54+00:00,0.0,0.506,@CBS,0.494,9,@colinschamp @ScottBakula @NCISNewOrleans @CBS @JDS_PR Thank you! üòä
9,0.1867,2018-10-03 23:07:45+00:00,0.0,0.927,@CBS,0.073,10,"RT @SEALTeamWriters: It's go time, boys. üëèüèΩüëèüèΩüëèüèΩ Season 2 of @SEALTeamCBS premieres in TWO HOURS at 9/8c on @CBS. Don't miss it! ‚ù§Ô∏èüá∫üá∏‚öìÔ∏è #SEA‚Ä¶"
10,0.0,2018-10-03 23:07:39+00:00,0.0,1.0,@CBS,0.0,11,@colbertlateshow @happytogether @CBS @wayansjr https://t.co/DCaADKeSfb
11,0.0,2018-10-03 23:07:02+00:00,0.0,1.0,@CBS,0.0,12,@colbertlateshow @happytogether @CBS @wayansjr ‚ÄúThe Flat Earth Society has members all over the globe‚Äù -Statment by the Flat Earth Society ü§î
12,0.0,2018-10-03 23:06:30+00:00,0.0,1.0,@CBS,0.0,13,@BillClinton @HillaryClinton r Shameless/Soulless/Dispicable beasts!!!! @POTUS @VP @WhiteHouse @FLOTUS‚Ä¶ https://t.co/Y9oBs46Fbh
13,0.0,2018-10-03 23:06:30+00:00,0.0,1.0,@CBS,0.0,14,@Linda3760 @PopBreakDotCom @happytogether @CBS I did not know Harry Styles was an executive producer. That explains a lot.
14,0.6249,2018-10-03 23:06:26+00:00,0.0,0.769,@CBS,0.231,15,RT @Backstage: Now Casting: @CBS's 'The Code' needs background to play Marines Special Op Raiders + 2 more gigs https://t.co/niGdDNGNfx htt‚Ä¶
15,0.1867,2018-10-03 23:06:22+00:00,0.0,0.927,@CBS,0.073,16,"RT @SEALTeamWriters: It's go time, boys. üëèüèΩüëèüèΩüëèüèΩ Season 2 of @SEALTeamCBS premieres in TWO HOURS at 9/8c on @CBS. Don't miss it! ‚ù§Ô∏èüá∫üá∏‚öìÔ∏è #SEA‚Ä¶"
16,0.4515,2018-10-03 23:06:04+00:00,0.0,0.881,@CBS,0.119,17,"RT @colbertlateshow: Is the Earth round or flat? Or neither? Damon Wayans Jr., star of @HappyTogether on @CBS, helps us settle this #FlatEa‚Ä¶"
17,0.0,2018-10-03 23:04:52+00:00,0.0,1.0,@CBS,0.0,18,RT @JanelleRichrdsn: @netflix @PrimeVideo @hallmarkchannel @hulu @cbs @nbc @UniversalTV @21CF_Impact @IFC @TNTDrama @HallmarkDrama @AMC_TV‚Ä¶
18,0.0,2018-10-03 23:04:44+00:00,0.0,1.0,@CBS,0.0,19,@JanelleRichrdsn @netflix @PrimeVideo @hallmarkchannel @hulu @CBS @nbc @UniversalTV @21CF_Impact @IFC @tntdrama‚Ä¶ https://t.co/jU7reAMxl5
19,0.09,2018-10-03 23:04:24+00:00,0.091,0.798,@CBS,0.111,20,"No hope for @JeffFlake, he's a Dem-in-disguise. But I believe @lisamurkowski &amp; @SenatorCollins are reasonable ppl w‚Ä¶ https://t.co/54qcwoQfN5"
20,0.893,2018-10-03 23:03:43+00:00,0.0,0.584,@CBS,0.416,21,@SEALTeamCBS @David_Boreanaz @CBS Welcome back! You are all amazingly talented and make every episode a joy to watc‚Ä¶ https://t.co/LRVYgzmX6c
21,0.2158,2018-10-03 23:02:52+00:00,0.119,0.736,@CBS,0.145,22,RT @SaraRamirez: For the record @CBS has been nothing but gracious and generous to me. They are open to Callie coming back! The ball is in‚Ä¶
22,0.3182,2018-10-03 23:02:34+00:00,0.0,0.874,@CBS,0.126,23,RT @cykelly1718: @WR_Patterson @AnnCoulter @realDonaldTrump @MSNBC @FoxNews @CNN @ABC @CBS @NBCNews @cspan Truth? #SerialLIAR trump has NEV‚Ä¶
23,0.0,2018-10-03 23:02:28+00:00,0.0,1.0,@CBS,0.0,24,@TomPerez @DNC @USSenate @MSNBC @CNN @CBS @ABC @NBCNews @SteveKornacki @mmurraypolitics https://t.co/RRV0DMXLP3
24,0.7027,2018-10-03 23:02:26+00:00,0.0,0.789,@CBS,0.211,25,RT @cykelly1718: @AnnCoulter @realDonaldTrump That is a WOW! The #MSM (@MSNBC @FoxNews @CNN @ABC @CBS @NBCNews @cspan) are finally getting‚Ä¶
25,0.1867,2018-10-03 23:02:11+00:00,0.0,0.927,@CBS,0.073,26,"RT @SEALTeamWriters: It's go time, boys. üëèüèΩüëèüèΩüëèüèΩ Season 2 of @SEALTeamCBS premieres in TWO HOURS at 9/8c on @CBS. Don't miss it! ‚ù§Ô∏èüá∫üá∏‚öìÔ∏è #SEA‚Ä¶"
26,0.3612,2018-10-03 23:02:03+00:00,0.0,0.902,@CBS,0.098,27,RT @CBSWatch: Stylin‚Äô and profilin‚Äô. See the cast of @CrimMinds_CBS like you never have before üëâ https://t.co/snhiKhXWBW Then catch them fo‚Ä¶
27,0.75,2018-10-03 23:01:56+00:00,0.0,0.748,@CBS,0.252,28,RT @SEALTeamBrigade: Tonight they shine!  #sealteam is back for an exciting season 2. Tonight 8/9C on @cbs @SEALTeamCBS   Thanks AJ @David_‚Ä¶
28,0.3182,2018-10-03 23:01:54+00:00,0.0,0.892,@CBS,0.108,29,"RT @DearAuntCrabby: A plea to the media: @ABC @CBS @NBCnews @PBS @CNN @MSNBC 

Please Don't cover @RealDonaldTrump's rally's. Use only one‚Ä¶"
29,0.0,2018-10-03 23:01:50+00:00,0.0,1.0,@CBS,0.0,30,"RT @carlquintanilla: Premiering on this date in 1959, a new series on @CBS called ‚ÄúThe Twilight Zone‚Äù.

Pilot ep: ‚ÄúWhere Is Everybody?‚Äù, st‚Ä¶"
30,0.0,2018-10-03 23:01:44+00:00,0.0,1.0,@CBS,0.0,31,RT @SEALTeamBrigade: @AjohnBuckley is taking over @SEALTeamCBS on IG today!  #sealteam - Tonight 8/9C on @cbs @SEALTeamCBS @David_Boreanaz‚Ä¶
31,0.4515,2018-10-03 23:01:26+00:00,0.0,0.881,@CBS,0.119,32,"RT @colbertlateshow: Is the Earth round or flat? Or neither? Damon Wayans Jr., star of @HappyTogether on @CBS, helps us settle this #FlatEa‚Ä¶"
32,0.0,2018-10-03 23:01:23+00:00,0.0,1.0,@CBS,0.0,33,@colbertlateshow @happytogether @CBS @wayansjr The Earth is a donut https://t.co/4ts1typWFb
33,-0.2168,2018-10-03 23:01:21+00:00,0.145,0.855,@CBS,0.0,34,@cbs WHY isn't NCIS and NCISNola on demand?  What is with that?
34,0.3612,2018-10-03 23:01:16+00:00,0.0,0.902,@CBS,0.098,35,RT @CBSWatch: Stylin‚Äô and profilin‚Äô. See the cast of @CrimMinds_CBS like you never have before üëâ https://t.co/snhiKhXWBW Then catch them fo‚Ä¶
35,0.3612,2018-10-03 23:00:30+00:00,0.0,0.902,@CBS,0.098,36,RT @CBSWatch: Stylin‚Äô and profilin‚Äô. See the cast of @CrimMinds_CBS like you never have before üëâ https://t.co/snhiKhXWBW Then catch them fo‚Ä¶
36,0.4515,2018-10-03 23:00:19+00:00,0.0,0.881,@CBS,0.119,37,"RT @colbertlateshow: Is the Earth round or flat? Or neither? Damon Wayans Jr., star of @HappyTogether on @CBS, helps us settle this #FlatEa‚Ä¶"
37,0.5848,2018-10-03 23:00:18+00:00,0.0,0.807,@CBS,0.193,38,RT @survivorcbs: Sit back and relax... it's #Survivor night! Join @JeffProbst for all the adventure tonight at 8/7c on @CBS and @cbsallacce‚Ä¶
38,-0.3412,2018-10-03 23:00:03+00:00,0.118,0.882,@CBS,0.0,39,"RT @SEALTeamCBS: Coming back from deployment isn't easy.

Here, SEAL Team star @David_Boreanaz explains how it affects relationship dynamic‚Ä¶"
39,0.1867,2018-10-03 23:00:01+00:00,0.0,0.92,@CBS,0.08,40,"It's go time, boys. üëèüèΩüëèüèΩüëèüèΩ Season 2 of @SEALTeamCBS premieres in TWO HOURS at 9/8c on @CBS. Don't miss it! ‚ù§Ô∏èüá∫üá∏‚öìÔ∏è‚Ä¶ https://t.co/n42PrvKbM2"
40,0.4515,2018-10-03 22:59:59+00:00,0.0,0.881,@CBS,0.119,41,"RT @colbertlateshow: Is the Earth round or flat? Or neither? Damon Wayans Jr., star of @HappyTogether on @CBS, helps us settle this #FlatEa‚Ä¶"
41,0.4576,2018-10-03 22:59:56+00:00,0.0,0.875,@CBS,0.125,42,I really wish the news outlets would report the NEWs without their opinions. We are all adults and can make up our‚Ä¶ https://t.co/RUWeTI4b7X
42,0.4515,2018-10-03 22:59:39+00:00,0.0,0.871,@CBS,0.129,43,"Is the Earth round or flat? Or neither? Damon Wayans Jr., star of @HappyTogether on @CBS, helps us settle this‚Ä¶ https://t.co/csubLTK6Op"
43,0.3612,2018-10-03 22:59:38+00:00,0.0,0.902,@CBS,0.098,44,RT @CBSWatch: Stylin‚Äô and profilin‚Äô. See the cast of @CrimMinds_CBS like you never have before üëâ https://t.co/snhiKhXWBW Then catch them fo‚Ä¶
44,0.0,2018-10-03 22:59:27+00:00,0.0,1.0,@CBS,0.0,45,Season 14 Premiere of @CrimMinds_CBS tonight at 9pm on @CBS #300thEpisode https://t.co/7Ao7yzY4w7
45,0.6588,2018-10-03 22:59:22+00:00,0.0,0.715,@CBS,0.285,46,"@Mandy_Scorpion @CBS @NetflixLifee @TheCW @AXNIndia @warnerbrostv They are awesome!  
#SaveScorpion #ReviveScorpion #SaveShadowhunters"
46,0.5473,2018-10-03 22:59:22+00:00,0.0,0.843,@CBS,0.157,47,"@PopBreakDotCom @happytogether @AllisonMLips @CBS LOL, this show is about Harry Styles who is an executive producer along with Ben Winston."
47,-0.25,2018-10-03 22:59:20+00:00,0.087,0.913,@CBS,0.0,48,@MadamSecretary @CBS After what Clinton said I'm torn if I'm going to watch the opening show or not after what she‚Ä¶ https://t.co/lTCjaWC4us
48,0.0,2018-10-03 22:59:10+00:00,0.0,1.0,@CBS,0.0,49,RT @lisawentworth6: @PopBreakDotCom @AllisonMLips @happytogether @CBS Um I thought I should mention to you that the show is actually inspir‚Ä¶
49,0.4588,2018-10-03 22:59:02+00:00,0.0,0.824,@CBS,0.176,50,"RT @Mandy_Scorpion: My favorite couple ‚ù§ü¶Çüòç
#SaveScorpion #TeamScorpion #ReviveScorpion @CBS @NetflixLifee @TheCW @AXNIndia @warnerbrostv ht‚Ä¶"
50,0.0,2018-10-03 22:58:44+00:00,0.0,1.0,@CBS,0.0,51,@CBS - why is this man still employed by you? https://t.co/URkXhb1fp9
51,0.0,2018-10-03 22:58:18+00:00,0.0,1.0,@CBS,0.0,52,@NBC @CBS @CNN @NSNBC @ABC @FoxNews The Crowd Gasped and Loudly Booed: Senator Lindsey Graham After His Trailer Par‚Ä¶ https://t.co/0LKQTZLPyK
52,0.3612,2018-10-03 22:58:13+00:00,0.0,0.902,@CBS,0.098,53,RT @CBSWatch: Stylin‚Äô and profilin‚Äô. See the cast of @CrimMinds_CBS like you never have before üëâ https://t.co/snhiKhXWBW Then catch them fo‚Ä¶
53,-0.7351,2018-10-03 22:57:51+00:00,0.237,0.763,@CBS,0.0,54,@Reuters We are sick and tired of sexual allegations trying to control politics and people. Shut down the sexual allegations industry. @CBS
54,0.2732,2018-10-03 22:55:52+00:00,0.0,0.9,@CBS,0.1,55,"RT @mikedigitalhome: @MadamSecretary @CBS Ah the food in the Harry S Truman building cafeteria leaves something to be desired, eh? @Diplopu‚Ä¶"
55,0.3612,2018-10-03 22:55:23+00:00,0.0,0.902,@CBS,0.098,56,RT @CBSWatch: Stylin‚Äô and profilin‚Äô. See the cast of @CrimMinds_CBS like you never have before üëâ https://t.co/snhiKhXWBW Then catch them fo‚Ä¶
56,0.5848,2018-10-03 22:55:07+00:00,0.0,0.807,@CBS,0.193,57,RT @survivorcbs: Sit back and relax... it's #Survivor night! Join @JeffProbst for all the adventure tonight at 8/7c on @CBS and @cbsallacce‚Ä¶
57,-0.3818,2018-10-03 22:54:19+00:00,0.102,0.898,@CBS,0.0,58,RT @jamdownrocks: Just do a one time sweep. Get rid of all these lunatics. Including the suits at CBS Daytime &amp; start everything all over.‚Ä¶
58,0.5848,2018-10-03 22:53:29+00:00,0.0,0.807,@CBS,0.193,59,RT @survivorcbs: Sit back and relax... it's #Survivor night! Join @JeffProbst for all the adventure tonight at 8/7c on @CBS and @cbsallacce‚Ä¶
59,0.5473,2018-10-03 22:52:52+00:00,0.0,0.718,@CBS,0.282,60,@survivorcbs @JeffProbst @CBS @CBSAllAccess LOL I guess natalie is sitting out
60,0.8687,2018-10-03 22:52:50+00:00,0.0,0.635,@CBS,0.365,61,RT @SEALTeamBrigade: Sexy @maxthieriot !  #sealteam is back for an exciting season 2. Tonight 8/9C on @cbs @SEALTeamCBS   Thanks AJ @David_‚Ä¶
61,0.5848,2018-10-03 22:52:25+00:00,0.0,0.807,@CBS,0.193,62,RT @survivorcbs: Sit back and relax... it's #Survivor night! Join @JeffProbst for all the adventure tonight at 8/7c on @CBS and @cbsallacce‚Ä¶
62,-0.3412,2018-10-03 22:51:35+00:00,0.118,0.882,@CBS,0.0,63,"RT @SEALTeamCBS: Coming back from deployment isn't easy.

Here, SEAL Team star @David_Boreanaz explains how it affects relationship dynamic‚Ä¶"
63,0.0,2018-10-03 22:51:35+00:00,0.0,1.0,@CBS,0.0,64,RT @SEALTeamBrigade: #Nolafox posted this.  Behind the scenes of #SEALTeam with @ToniTrucks and @JuddLormand Tonight 8/9C on @cbs @SEALTeam‚Ä¶
64,-0.3412,2018-10-03 22:51:20+00:00,0.118,0.882,@CBS,0.0,65,"RT @SEALTeamCBS: Coming back from deployment isn't easy.

Here, SEAL Team star @David_Boreanaz explains how it affects relationship dynamic‚Ä¶"
65,0.75,2018-10-03 22:51:12+00:00,0.0,0.748,@CBS,0.252,66,RT @SEALTeamBrigade: Tonight they shine!  #sealteam is back for an exciting season 2. Tonight 8/9C on @cbs @SEALTeamCBS   Thanks AJ @David_‚Ä¶
66,0.9001,2018-10-03 22:51:01+00:00,0.0,0.6,@CBS,0.4,67,"We are proud to support the success of women leaders in #technology, like CBS Corp.‚Äôs Naomi Waltman who is being re‚Ä¶ https://t.co/hDXRqU9j9q"
67,0.3612,2018-10-03 22:51:01+00:00,0.0,0.902,@CBS,0.098,68,RT @CBSWatch: Stylin‚Äô and profilin‚Äô. See the cast of @CrimMinds_CBS like you never have before üëâ https://t.co/snhiKhXWBW Then catch them fo‚Ä¶
68,0.0,2018-10-03 22:50:52+00:00,0.0,1.0,@CBS,0.0,69,Who Else is Looking Forward to @TylerCrispen2 and @AngelaRummans2  on the @AmazingRaceCBS ??  we all know the‚Ä¶ https://t.co/NfUiddpak0
69,0.3612,2018-10-03 22:49:37+00:00,0.0,0.902,@CBS,0.098,70,RT @CBSWatch: Stylin‚Äô and profilin‚Äô. See the cast of @CrimMinds_CBS like you never have before üëâ https://t.co/snhiKhXWBW Then catch them fo‚Ä¶
70,0.0,2018-10-03 22:48:31+00:00,0.0,1.0,@CBS,0.0,71,1x2 ‚Äî I'm watching FBI #FBI @CBS via @TelfieApp #Telfie https://t.co/3847j62m5n
71,0.3182,2018-10-03 22:47:29+00:00,0.0,0.901,@CBS,0.099,72,RT @colleenv123: Please give this more coverage than you give the few preachers in Trump's corner. @MSNBC @CBS @NBCNews @ABC @NewsHour @Fox‚Ä¶
72,0.5848,2018-10-03 22:47:19+00:00,0.0,0.807,@CBS,0.193,73,RT @survivorcbs: Sit back and relax... it's #Survivor night! Join @JeffProbst for all the adventure tonight at 8/7c on @CBS and @cbsallacce‚Ä¶
73,0.4588,2018-10-03 22:47:10+00:00,0.0,0.8,@CBS,0.2,74,"My favorite couple ‚ù§ü¶Çüòç
#SaveScorpion #TeamScorpion #ReviveScorpion @CBS @NetflixLifee @TheCW @AXNIndia @warnerbrostv https://t.co/VpevMU3U3d"
74,0.3612,2018-10-03 22:47:03+00:00,0.0,0.902,@CBS,0.098,75,RT @CBSWatch: Stylin‚Äô and profilin‚Äô. See the cast of @CrimMinds_CBS like you never have before üëâ https://t.co/snhiKhXWBW Then catch them fo‚Ä¶
75,0.5859,2018-10-03 22:46:18+00:00,0.0,0.84,@CBS,0.16,76,RT @happytogether: The ordinary turns extraordinary for this suburban couple when an exuberant young pop star unexpectedly moves in with th‚Ä¶
76,-0.7712,2018-10-03 22:46:04+00:00,0.295,0.705,@CBS,0.0,77,"Absolutely! Dems did such a bottom-feeder smear job, it should disgust all Americans who believe in presumption of‚Ä¶ https://t.co/zqe32mlLUE"
77,0.5848,2018-10-03 22:45:59+00:00,0.0,0.807,@CBS,0.193,78,RT @survivorcbs: Sit back and relax... it's #Survivor night! Join @JeffProbst for all the adventure tonight at 8/7c on @CBS and @cbsallacce‚Ä¶
78,0.0,2018-10-03 22:45:34+00:00,0.0,1.0,@CBS,0.0,79,@EnBolden2 @CNN @MSNBC @ABC @CBS @nbc Exactly GI Jane. Babble...is what it is. I was NOT referring to the snippets/‚Ä¶ https://t.co/BX95Nx2qcD
79,0.683,2018-10-03 22:45:27+00:00,0.049,0.678,@CBS,0.273,80,"RT @MadamSecretary: When a delicate situation arises, Bess turns to those who know best for advice. You won't want to miss #MadamSecretary'‚Ä¶"
80,0.5848,2018-10-03 22:45:19+00:00,0.0,0.807,@CBS,0.193,81,RT @survivorcbs: Sit back and relax... it's #Survivor night! Join @JeffProbst for all the adventure tonight at 8/7c on @CBS and @cbsallacce‚Ä¶
81,0.0,2018-10-03 22:45:16+00:00,0.0,1.0,@CBS,0.0,82,@Seachelles26 @CBS I mean they‚Äôre taking everything else away! I don‚Äôt even know if I dare post a screenshot from the show.
82,0.0,2018-10-03 22:45:02+00:00,0.0,1.0,@CBS,0.0,83,Brandon Michael Hall and @JOEtheMORTON star in the @CBS family drama @GodFriendedMe about a young man who hears fro‚Ä¶ https://t.co/XQfu8pkkEf
83,0.5848,2018-10-03 22:45:00+00:00,0.0,0.807,@CBS,0.193,84,RT @survivorcbs: Sit back and relax... it's #Survivor night! Join @JeffProbst for all the adventure tonight at 8/7c on @CBS and @cbsallacce‚Ä¶
84,0.0,2018-10-03 22:44:54+00:00,0.0,1.0,@CBS,0.0,85,@Merschky @CBS that was the first thing I noticed!!! now if we could just locate Louie &amp; their pillows!!!
85,0.5848,2018-10-03 22:44:52+00:00,0.0,0.807,@CBS,0.193,86,RT @survivorcbs: Sit back and relax... it's #Survivor night! Join @JeffProbst for all the adventure tonight at 8/7c on @CBS and @cbsallacce‚Ä¶
86,-0.3818,2018-10-03 22:44:43+00:00,0.148,0.852,@CBS,0.0,87,@RyanAFournier @cnn @msnbc @abc @nbc @cbs @theview will you show this video and condemn her actions?
87,0.0,2018-10-03 22:43:33+00:00,0.0,1.0,@CBS,0.0,88,@Merschky @CBS I smell a copyright claim coming
88,-0.3818,2018-10-03 22:43:21+00:00,0.14,0.86,@CBS,0.0,89,@DevinSenaUI @clcyouthprolife @cnn @msnbc @nbc @cbs @abc @TheView will you show this video and condemn his actions?
89,0.3612,2018-10-03 22:43:15+00:00,0.0,0.902,@CBS,0.098,90,RT @CBSWatch: Stylin‚Äô and profilin‚Äô. See the cast of @CrimMinds_CBS like you never have before üëâ https://t.co/snhiKhXWBW Then catch them fo‚Ä¶
90,-0.3818,2018-10-03 22:43:08+00:00,0.237,0.636,@CBS,0.127,91,@CBS Those poor gullible people in Mississippi  laughed at Trump's inaccurate portrayal of Dr Ford's testimony. It‚Ä¶ https://t.co/z0E0V9c2wb
91,0.636,2018-10-03 22:43:00+00:00,0.0,0.544,@CBS,0.456,92,@ScottBakula @NCISNewOrleans @CBS @JDS_PR Loved it!
92,0.3612,2018-10-03 22:42:51+00:00,0.0,0.902,@CBS,0.098,93,RT @CBSWatch: Stylin‚Äô and profilin‚Äô. See the cast of @CrimMinds_CBS like you never have before üëâ https://t.co/snhiKhXWBW Then catch them fo‚Ä¶
93,0.1695,2018-10-03 22:42:42+00:00,0.0,0.878,@CBS,0.122,94,@kwilli1046 @ThePatriot006 Let‚Äôs not forget @GrahamLedger @Liz_Wheeler @oann @JoeTalkShow @newsmax @BillOReilly and‚Ä¶ https://t.co/jprPZf24v8
94,-0.3612,2018-10-03 22:42:09+00:00,0.146,0.731,@CBS,0.123,95,@YandR_CBS Want to apologize to the @cbs sudser for plummeting ratings.üòûMany of its viewers are blaming it on @malyoung.üôÅ
95,0.0,2018-10-03 22:41:59+00:00,0.0,1.0,@CBS,0.0,96,RT @ATWATEROBSERVER: RESIST! @CBS @ABC7 @NBCLA @FoxNews @FOXLA @OANN @SenateGOP @WhiteHouse @lisamurkowski @SenBobCorker @HouseGOP @DC #Was‚Ä¶
96,0.0,2018-10-03 22:40:24+00:00,0.0,1.0,@CBS,0.0,97,"RT @OfficialSDSA: The elite SEAL TEAM, is back for another season on CBS at 9PM. Set Decoration for the missions each week provided by Sand‚Ä¶"
97,0.0,2018-10-03 22:40:22+00:00,0.0,1.0,@CBS,0.0,98,#WalkAwayFromDemocrats2018 @CNN @MSNBC @ABC @CBS @NBC @SenSchumer @SenFeinstein @nytimes @USAToday https://t.co/YGWz0CQKtW
98,0.0,2018-10-03 22:40:20+00:00,0.0,1.0,@CBS,0.0,99,RT @RokuPlayer: #OnThisDay in 1955: The first episode of Captain Kangaroo aired on @CBS. https://t.co/0xJHiHPK5F
99,0.0,2018-10-03 22:39:47+00:00,0.0,1.0,@CBS,0.0,100,"RT @SEALTeamWriters: Back on the beach, back in action. Bravo team is BACK! üëèüèΩüëèüèΩüëèüèΩ Season 2 of @SEALTeamCBS premieres TONIGHT at 9/8c on @C‚Ä¶"
0,-0.2263,2018-10-03 23:09:55+00:00,0.393,0.345,@CNN,0.262,1,@CNN Wtf ever üòÇ
1,0.0,2018-10-03 23:09:54+00:00,0.0,1.0,@CNN,0.0,2,@CNN #HimToo #ConfirmKavanaughNOW
2,0.5106,2018-10-03 23:09:53+00:00,0.0,0.875,@CNN,0.125,3,"RT @CNN: Which world leader do people trust most? Here are findings from a new global survey by the Pew Research Center.

Angela Merkel - 5‚Ä¶"
3,-0.765,2018-10-03 23:09:53+00:00,0.309,0.691,@CNN,0.0,4,RT @CNN: High blood pressure. Anxiety. Depression. Insomnia. These are just a few of the possible long-term health consequences facing mid-‚Ä¶
4,0.34,2018-10-03 23:09:53+00:00,0.117,0.691,@CNN,0.191,5,RT @CNN: A 'Stop Kavanaugh' vigil is happening outside the Supreme Court. Watch live: https://t.co/cHVi0oaTEG https://t.co/Wu2ODUU7Xt
5,0.0,2018-10-03 23:09:53+00:00,0.0,1.0,@CNN,0.0,6,"RT @RVAwonk: #BREAKING: Per @CNN, five law enforcement officers have been shot in Florence, South Carolina. The shooter is reportedly in cu‚Ä¶"
6,-0.5334,2018-10-03 23:09:51+00:00,0.197,0.803,@CNN,0.0,7,@flipflop_1117 @DevilsA63435154 @CNNSitRoom @CNN @SenBlumenthal But they never are...I had a friend who was falsely‚Ä¶ https://t.co/PR22sKID8L
7,0.0,2018-10-03 23:09:51+00:00,0.0,1.0,@CNN,0.0,8,"@CNN Not all disabilities are physical. PTSD, bi polar.."
8,0.5574,2018-10-03 23:09:51+00:00,0.0,0.847,@CNN,0.153,9,RT @CNN: The allegations made against Supreme Court nominee Brett Kavanaugh have dredged up emotions for many. President Trump himself face‚Ä¶
9,-0.296,2018-10-03 23:09:51+00:00,0.355,0.645,@CNN,0.0,10,@CNN Stop talking and act
10,0.0,2018-10-03 23:09:51+00:00,0.0,1.0,@CNN,0.0,11,@drektek @CNN Hillary isnt listed neither is obama...
11,0.0,2018-10-03 23:09:51+00:00,0.0,1.0,@CNN,0.0,12,"@BrettKavanaugh8 @RealSusanSwift @CNN Why not?
The US already had a sexual predator as President.
(You guess how many.)"
12,0.0,2018-10-03 23:09:50+00:00,0.0,1.0,@CNN,0.0,13,@CNN Yawn #MAGA2KAG
13,-0.4497,2018-10-03 23:09:49+00:00,0.109,0.891,@CNN,0.0,14,"RT @CNN: The mayor can never make right the blight on Tulsa that is its 1921 race massacre, but finding the victims almost a century later‚Ä¶"
14,-0.3412,2018-10-03 23:09:47+00:00,0.103,0.897,@CNN,0.0,15,RT @CNN: Getting caught doing yoga on a paddleboard is not a good look for someone claiming disability. A Seattle man learned this lesson t‚Ä¶
15,-0.4973,2018-10-03 23:09:47+00:00,0.392,0.608,@CNN,0.0,16,@CNN Hillary voters not the brightest.
16,0.0,2018-10-03 23:09:47+00:00,0.0,1.0,@CNN,0.0,17,"RT @TulchinResearch: Check out what Ben Tulchin said to @CNN about the #Kavanaugh hearings: ""College-educated white women have identified v‚Ä¶"
17,0.0,2018-10-03 23:09:47+00:00,0.0,1.0,@CNN,0.0,18,@CNN ü§∑‚Äç‚ôÇÔ∏è
18,0.0,2018-10-03 23:09:46+00:00,0.0,1.0,@CNN,0.0,19,@smartvalueblog @myguykb @QProofs @NormaZapo @CNN @MSNBC @realDonaldTrump We know Kavanaugh is the key because Grah‚Ä¶ https://t.co/rk93pZRJR1
19,0.2263,2018-10-03 23:09:46+00:00,0.0,0.863,@CNN,0.137,20,@CNN I can‚Äôt believe any American is surprised at the results of this poll.
20,-0.8807,2018-10-03 23:09:45+00:00,0.362,0.638,@CNN,0.0,21,@CNN The thing about CNN is that they are stupid liberal.  Their ratings are terrible because they preach hate.  Th‚Ä¶ https://t.co/a008Nh8F0N
21,0.5106,2018-10-03 23:09:45+00:00,0.0,0.875,@CNN,0.125,22,"RT @CNN: Which world leader do people trust most? Here are findings from a new global survey by the Pew Research Center.

Angela Merkel - 5‚Ä¶"
22,0.0,2018-10-03 23:09:43+00:00,0.0,1.0,@CNN,0.0,23,@CNN Twenty five years ago I got a call from our police department doing a background check on a colleague looking‚Ä¶ https://t.co/C4sCTX1aFp
23,0.0,2018-10-03 23:09:43+00:00,0.0,1.0,@CNN,0.0,24,"RT @HNIJohnMiller: Oh, look at that. @cnn doxxed somebody. I wonder who gave them the unredacted letter from the ex-boyfriend. https://t.co‚Ä¶"
24,0.0,2018-10-03 23:09:42+00:00,0.0,1.0,@CNN,0.0,25,@CNN y‚Äôall keep talking but don‚Äôt explain how background checks work. Learn how they start and how they are done and then speak on it.
25,-0.3412,2018-10-03 23:09:42+00:00,0.103,0.897,@CNN,0.0,26,RT @CNN: Getting caught doing yoga on a paddleboard is not a good look for someone claiming disability. A Seattle man learned this lesson t‚Ä¶
26,-0.5719,2018-10-03 23:09:41+00:00,0.188,0.812,@CNN,0.0,27,"@kimula1957 @TheTruthMonkey @CNN @donlemon devils Triangle, a drinking game, Lie, Ralph club, is for people with we‚Ä¶ https://t.co/Sw3TL0ZP5d"
27,-0.5423,2018-10-03 23:09:40+00:00,0.412,0.588,@CNN,0.0,28,@lipocky @CNN Trump would fail kindergarden.
28,-0.0772,2018-10-03 23:09:39+00:00,0.136,0.741,@CNN,0.123,29,@CNNSitRoom @CNN @SenBlumenthal who cares what this liar &amp; phony says ? i would take the judge over da nang everyti‚Ä¶ https://t.co/XV8bgFWDut
29,0.5574,2018-10-03 23:09:38+00:00,0.0,0.847,@CNN,0.153,30,RT @CNN: The allegations made against Supreme Court nominee Brett Kavanaugh have dredged up emotions for many. President Trump himself face‚Ä¶
30,-0.4767,2018-10-03 23:09:38+00:00,0.608,0.392,@CNN,0.0,31,@CNN fake newsÔºåabsolutelyÔºÅ
31,-0.4767,2018-10-03 23:09:37+00:00,0.608,0.392,@CNN,0.0,32,@CNN CNN FAKE
32,0.0,2018-10-03 23:09:37+00:00,0.0,1.0,@CNN,0.0,33,"@CNN Who conducted this survey, the DNC?"
33,0.0,2018-10-03 23:09:37+00:00,0.0,1.0,@CNN,0.0,34,RT @girl4_trump: Hey @NYT @CNN @washingtonpost @MSNBC Here‚Äôs a salacious headline for you all to run that won‚Äôt be #FakeNews for a change.‚Ä¶
34,0.0,2018-10-03 23:09:37+00:00,0.0,1.0,@CNN,0.0,35,RT @girl4_trump: Hey @NYT @CNN @washingtonpost @MSNBC Here‚Äôs a salacious headline for you all to run that won‚Äôt be #FakeNews for a change.‚Ä¶
35,-0.3412,2018-10-03 23:09:36+00:00,0.103,0.897,@CNN,0.0,36,RT @CNN: Getting caught doing yoga on a paddleboard is not a good look for someone claiming disability. A Seattle man learned this lesson t‚Ä¶
36,0.1111,2018-10-03 23:09:36+00:00,0.15,0.679,@CNN,0.171,37,@CNN LOL - mention to her that people already knew those movies she was in were terrible.
37,-0.6249,2018-10-03 23:09:36+00:00,0.17,0.83,@CNN,0.0,38,@CNN ü§£ü§£ü§£ü§£ü§£ü§£Merkel the woman who told migrants come one come all and caused one of the biggest migration crisis to‚Ä¶ https://t.co/xWCnmIAXdB
38,0.5106,2018-10-03 23:09:36+00:00,0.0,0.875,@CNN,0.125,39,"RT @CNN: Which world leader do people trust most? Here are findings from a new global survey by the Pew Research Center.

Angela Merkel - 5‚Ä¶"
39,-0.6972,2018-10-03 23:09:36+00:00,0.259,0.632,@CNN,0.109,40,RT @Pinkflwers1: HAHAHAHAHAHA You take $$ from the @NRA you approve of rape and sexual assaults FACTS VOTE SMART @TexasMonthly he needs to‚Ä¶
40,0.5106,2018-10-03 23:09:35+00:00,0.0,0.875,@CNN,0.125,41,"RT @CNN: Which world leader do people trust most? Here are findings from a new global survey by the Pew Research Center.

Angela Merkel - 5‚Ä¶"
41,0.0,2018-10-03 23:09:35+00:00,0.0,1.0,@CNN,0.0,42,@ScottforFlorida @CNN @wolfblitzer @NelsonForSenate He‚Äôs afraid of you! https://t.co/KydF4gNBTA
42,0.0,2018-10-03 23:09:35+00:00,0.0,1.0,@CNN,0.0,43,@newsjunkie3355 @vivahate44 @CNN üò≥ https://t.co/2gdrgcrO6O
43,0.0,2018-10-03 23:09:34+00:00,0.0,1.0,@CNN,0.0,44,@CNN https://t.co/6bcji2LqIw
44,-0.8159,2018-10-03 23:09:34+00:00,0.713,0.287,@CNN,0.0,45,@CNN @alefbuys FAKE NEWS BLOCK
45,0.0,2018-10-03 23:09:33+00:00,0.0,1.0,@CNN,0.0,46,"RT @CNN: The ""Vice"" trailer features a nearly unrecognizable Christian Bale, an actor famous for his over-the-top transformations, playing‚Ä¶"
46,-0.802,2018-10-03 23:09:33+00:00,0.419,0.581,@CNN,0.0,47,"1 law enforcement officer killed in Florence, South Carolina, 4 others injured @CNN https://t.co/Hj89wO59De"
47,-0.5574,2018-10-03 23:09:33+00:00,0.153,0.847,@CNN,0.0,48,"RT @CNN: One of the five law enforcement officers shot in South Carolina has died, Florence County coroner says https://t.co/cjUoBUmePV htt‚Ä¶"
48,-0.2195,2018-10-03 23:09:32+00:00,0.211,0.789,@CNN,0.0,49,@RVAwonk @CNN So very sorry to hear that.
49,-0.2263,2018-10-03 23:09:32+00:00,0.193,0.663,@CNN,0.144,50,@CNN @shannonrwatts Why the fuck weren't there any armed teachers there to protect them?
50,0.5106,2018-10-03 23:09:32+00:00,0.0,0.875,@CNN,0.125,51,"RT @CNN: Which world leader do people trust most? Here are findings from a new global survey by the Pew Research Center.

Angela Merkel - 5‚Ä¶"
51,0.5574,2018-10-03 23:09:32+00:00,0.0,0.847,@CNN,0.153,52,RT @CNN: The allegations made against Supreme Court nominee Brett Kavanaugh have dredged up emotions for many. President Trump himself face‚Ä¶
52,0.0,2018-10-03 23:09:30+00:00,0.0,1.0,@CNN,0.0,53,RT @thelauracoates: Meet me @OutFrontCNN 7PM EST @CNN!
53,-0.6369,2018-10-03 23:09:29+00:00,0.375,0.625,@CNN,0.0,54,@RealRobGeorge @CNN kavanaugh is a scumbag. that's your narrative.
54,0.4404,2018-10-03 23:09:28+00:00,0.0,0.408,@CNN,0.592,55,@CNN good articale
55,0.0,2018-10-03 23:09:27+00:00,0.0,1.0,@CNN,0.0,56,@CNN @PressSec is reprehensible.
56,0.0,2018-10-03 23:09:27+00:00,0.0,1.0,@CNN,0.0,57,RT @CNNJason: Watch Sarah Sanders' snarky remark to @CNN's @Acosta on facts https://t.co/1rsj0OSAHb
57,0.0,2018-10-03 23:09:26+00:00,0.0,1.0,@CNN,0.0,58,@CNN Too late
58,0.5574,2018-10-03 23:09:26+00:00,0.0,0.847,@CNN,0.153,59,RT @CNN: The allegations made against Supreme Court nominee Brett Kavanaugh have dredged up emotions for many. President Trump himself face‚Ä¶
59,-0.3412,2018-10-03 23:09:26+00:00,0.103,0.897,@CNN,0.0,60,RT @CNN: Getting caught doing yoga on a paddleboard is not a good look for someone claiming disability. A Seattle man learned this lesson t‚Ä¶
60,0.4404,2018-10-03 23:09:25+00:00,0.178,0.467,@CNN,0.355,61,@athensarevalo @CNN üòÇ
61,0.4199,2018-10-03 23:09:25+00:00,0.0,0.872,@CNN,0.128,62,@CNNSitRoom @CNN @SenGillibrand We don‚Äôt know that she‚Äôs a survivor! Other than her word what facts do you have and‚Ä¶ https://t.co/isnhrMzMtF
62,0.0,2018-10-03 23:09:25+00:00,0.0,1.0,@CNN,0.0,63,@CNN @realDonaldTrump
63,0.0,2018-10-03 23:09:24+00:00,0.0,1.0,@CNN,0.0,64,RT @girl4_trump: Hey @NYT @CNN @washingtonpost @MSNBC Here‚Äôs a salacious headline for you all to run that won‚Äôt be #FakeNews for a change.‚Ä¶
64,-0.6808,2018-10-03 23:09:24+00:00,0.375,0.625,@CNN,0.0,65,She had no sanitary pads. No one knew and no one helped @CNN https://t.co/eIchCgkSmM
65,0.5574,2018-10-03 23:09:23+00:00,0.0,0.847,@CNN,0.153,66,RT @CNN: The allegations made against Supreme Court nominee Brett Kavanaugh have dredged up emotions for many. President Trump himself face‚Ä¶
66,0.5106,2018-10-03 23:09:22+00:00,0.0,0.875,@CNN,0.125,67,"RT @CNN: Which world leader do people trust most? Here are findings from a new global survey by the Pew Research Center.

Angela Merkel - 5‚Ä¶"
67,-0.4215,2018-10-03 23:09:22+00:00,0.113,0.887,@CNN,0.0,68,"RT @CNN: This drone footage shows the devastation left by the earthquake and tsunami that hit Indonesia on Friday.

The 7.5 magnitude earth‚Ä¶"
68,-0.5777,2018-10-03 23:09:21+00:00,0.428,0.572,@CNN,0.0,69,@CNN What's she so scared of?
69,-0.6124,2018-10-03 23:09:21+00:00,0.333,0.667,@CNN,0.0,70,@SacarAkar @CNN No. I don't use a stove. And why ash. Ash is useless.
70,0.4215,2018-10-03 23:09:19+00:00,0.0,0.417,@CNN,0.583,71,@CNN True too
71,0.2732,2018-10-03 23:09:19+00:00,0.0,0.851,@CNN,0.149,72,@CNN Then he should have the intestinal fortitude to do just that. Well?
72,-0.2244,2018-10-03 23:09:18+00:00,0.106,0.894,@CNN,0.0,73,Joining @ChrisCuomo on @CNN‚Äôs @CuomoPrimeTime around 9:30PM EDT tonight. Tune in and DON‚ÄôT miss the conversation! üá∫üá∏ü¶Öüá∫üá∏
73,0.4939,2018-10-03 23:09:18+00:00,0.0,0.775,@CNN,0.225,74,@CNN @CNNOpinion They republicans don‚Äôt care. They are complicit with their actions
74,0.7469,2018-10-03 23:09:18+00:00,0.142,0.481,@CNN,0.377,75,@CNN Your attempt at comedy is to be commended! Gotta love CNN the leader of FAKE NEWS!
75,0.5106,2018-10-03 23:09:18+00:00,0.0,0.875,@CNN,0.125,76,"RT @CNN: Which world leader do people trust most? Here are findings from a new global survey by the Pew Research Center.

Angela Merkel - 5‚Ä¶"
76,0.0,2018-10-03 23:09:17+00:00,0.0,1.0,@CNN,0.0,77,@CNN MORE CNN https://t.co/lrbHGtpuYU
77,0.34,2018-10-03 23:09:17+00:00,0.117,0.691,@CNN,0.191,78,RT @CNN: A 'Stop Kavanaugh' vigil is happening outside the Supreme Court. Watch live: https://t.co/cHVi0oaTEG https://t.co/Wu2ODUU7Xt
78,0.0,2018-10-03 23:09:16+00:00,0.0,1.0,@CNN,0.0,79,RT @girl4_trump: Hey @NYT @CNN @washingtonpost @MSNBC Here‚Äôs a salacious headline for you all to run that won‚Äôt be #FakeNews for a change.‚Ä¶
79,-0.4767,2018-10-03 23:09:16+00:00,0.147,0.853,@CNN,0.0,80,"@CNN A DemoRAT staffer was arrested for posting senators personal information on the internet? WOW.. LOCK THEM UP... LMAO,,THEY DID."
80,-0.4588,2018-10-03 23:09:16+00:00,0.217,0.783,@CNN,0.0,81,"RT @Amador_OEA: #UNsays Courts in #Nicaragua have relied on testimonies to accuse people of serious crimes in relation to protests, includi‚Ä¶"
81,0.0,2018-10-03 23:09:16+00:00,0.0,1.0,@CNN,0.0,82,@CNN Merkel #1? #FakeNews
82,-0.872,2018-10-03 23:09:15+00:00,0.331,0.669,@CNN,0.0,83,"RT @TheMurdochTimes: 'Hate for The Last Jedi' was Fake News. The kind of Fake News that @CNN, @NYTimes, @VanityFair, @NBCNews and the rest‚Ä¶"
83,0.34,2018-10-03 23:09:15+00:00,0.0,0.821,@CNN,0.179,84,"@CNN &gt;threatens trumps cabinet
&gt;wonder why they spend do much on security"
84,-0.3182,2018-10-03 23:09:15+00:00,0.103,0.897,@CNN,0.0,85,"@CNN Take note all accusations against POTUS that have any remote basis in fact were consensual, and we the people‚Ä¶ https://t.co/ONPY0ZSCaw"
85,0.0,2018-10-03 23:09:14+00:00,0.0,1.0,@CNN,0.0,86,Flying from Boston to NYC in 36 minutes @CNN https://t.co/HNDjlCzcxw
86,0.296,2018-10-03 23:09:13+00:00,0.0,0.885,@CNN,0.115,87,"@ntniddrie @SeattleSportsPT @CNN And who is the main financial contributor to Everytown?

Oh yeah, the globalist Mi‚Ä¶ https://t.co/hxDFoASpBP"
87,-0.5283,2018-10-03 23:09:10+00:00,0.167,0.833,@CNN,0.0,88,RT @CNN: GOP Sen. Lindsey Graham said at an event that he didn't like President Trump's mockery of Christine Blasey Ford at a rally Tuesday‚Ä¶
88,-0.802,2018-10-03 23:09:10+00:00,0.419,0.581,@CNN,0.0,89,"1 law enforcement officer killed in Florence, South Carolina, 4 others injured @CNN https://t.co/ebK9o8CGot"
89,0.0,2018-10-03 23:09:10+00:00,0.0,1.0,@CNN,0.0,90,RT @girl4_trump: Hey @NYT @CNN @washingtonpost @MSNBC Here‚Äôs a salacious headline for you all to run that won‚Äôt be #FakeNews for a change.‚Ä¶
90,0.0,2018-10-03 23:09:10+00:00,0.0,1.0,@CNN,0.0,91,#LowRatting @CNN .. https://t.co/GUCC6A7s15
91,-0.5423,2018-10-03 23:09:08+00:00,0.137,0.863,@CNN,0.0,92,@AsheSchow @seanmdav @CNN is the enemy of the American people and they continue to prove it to us. There has to be‚Ä¶ https://t.co/R2RUivWfh6
92,-0.5574,2018-10-03 23:09:07+00:00,0.153,0.847,@CNN,0.0,93,"RT @CNN: One of the five law enforcement officers shot in South Carolina has died, Florence County coroner says https://t.co/cjUoBUmePV htt‚Ä¶"
93,-0.0516,2018-10-03 23:09:06+00:00,0.12,0.766,@CNN,0.113,94,"@CNN Talk about an insult, when #Trump is trusted less than the Chinese Leader and Putin ü§£Putin is the guy who atta‚Ä¶ https://t.co/s38VhmgEbP"
94,0.0,2018-10-03 23:09:06+00:00,0.0,1.0,@CNN,0.0,95,"RT @TulchinResearch: Check out what Ben Tulchin said to @CNN about the #Kavanaugh hearings: ""College-educated white women have identified v‚Ä¶"
95,-0.4767,2018-10-03 23:09:05+00:00,0.508,0.492,@CNN,0.0,96,@CNN CNN=VERY FAKE NEWS
96,-0.2869,2018-10-03 23:09:05+00:00,0.14,0.765,@CNN,0.096,97,"RT @Jali_Cat: üö®ATTN @TheDemocrats üö®

üì¢@KarenMonahan01 is ready to tell her story about how @keithellison abused her‚ÄºÔ∏è‚ÄºÔ∏è

Hello?? Anyone the‚Ä¶"
97,0.202,2018-10-03 23:09:05+00:00,0.088,0.788,@CNN,0.125,98,"@CNN Liberals have become unhinged, giving up their vagina hats and taking on a far more aggressive behavior!   And‚Ä¶ https://t.co/ujT5L12MVx"
98,0.296,2018-10-03 23:09:04+00:00,0.0,0.891,@CNN,0.109,99,RT @malea614: Brian Stelter Schooled by Veteran Journalist Ted Koppel https://t.co/VszbYFSZoo via @YouTube.  I am admits to drinking too mu‚Ä¶
99,0.0,2018-10-03 23:09:04+00:00,0.0,1.0,@CNN,0.0,100,"@CNN You make an allegation not knowing the date, the time, where....... @JimAcosta can I make d same allegation ab‚Ä¶ https://t.co/2mngDlnGa7"
0,0.4926,2018-10-03 23:09:56+00:00,0.0,0.61,@FoxNews,0.39,1,@pdoocy @brithume @FoxNews Looking good! https://t.co/5HzVN73NuP
1,0.4404,2018-10-03 23:09:56+00:00,0.0,0.734,@FoxNews,0.266,2,"@FoxNews @MattGraver2 @MikeEmanuelFox Good, get it done @SenateGOP #ConfimKavanaugh"
2,0.7096,2018-10-03 23:09:55+00:00,0.0,0.337,@FoxNews,0.663,3,@FoxNews Good luck with thatü§£ü§£ü§£
3,0.0,2018-10-03 23:09:54+00:00,0.0,1.0,@FoxNews,0.0,4,@FoxNews Unusual where was Mum....Probably out drinking with Brett
4,-0.3818,2018-10-03 23:09:51+00:00,0.133,0.867,@FoxNews,0.0,5,RT @FoxNews: GOP senators slam Dems' 'baseless innuendo' over previous Kavanaugh background checks; source calls claims a 'joke' https://t.‚Ä¶
5,0.0,2018-10-03 23:09:51+00:00,0.0,1.0,@FoxNews,0.0,6,RT @FoxNews: .@newtgingrich: The midterm elections aren't really about Trump ‚Äì We're at a major turning point in our history https://t.co/3‚Ä¶
6,0.743,2018-10-03 23:09:51+00:00,0.0,0.717,@FoxNews,0.283,7,RT @FoxNews: .@FLOTUS Melania Trump‚Äôs Africa trip could provide the best kind of US outreach (via @FoxNewsOpinion) https://t.co/9hr8LIDvb2
7,-0.5255,2018-10-03 23:09:51+00:00,0.166,0.834,@FoxNews,0.0,8,To @FoxNews when is Alyssa Milano your source of your news that start up your head line. Shame!
8,-0.296,2018-10-03 23:09:50+00:00,0.128,0.872,@FoxNews,0.0,9,RT @PaulBassett: @chuckwoolery I refuse to watch @FoxNews from 9am to 7pm. @marthamaccallum @TuckerCarlson @seanhannity @IngrahamAngle have‚Ä¶
9,-0.3818,2018-10-03 23:09:50+00:00,0.133,0.867,@FoxNews,0.0,10,RT @FoxNews: GOP senators slam Dems' 'baseless innuendo' over previous Kavanaugh background checks; source calls claims a 'joke' https://t.‚Ä¶
10,0.4939,2018-10-03 23:09:50+00:00,0.0,0.873,@FoxNews,0.127,11,@FoxNews @newtgingrich Clutch your pearls. Newt wants you to vote gop to save you from the last two years of gop ma‚Ä¶ https://t.co/sUvbs6uG6o
11,0.0,2018-10-03 23:09:50+00:00,0.122,0.756,@FoxNews,0.122,12,RT @jkhIamdivine12: @CMG87951598 @FoxNews As a Mother and grandmother of men I am truly scared. I was an inactive Democrat because I was fi‚Ä¶
12,0.0,2018-10-03 23:09:49+00:00,0.0,1.0,@FoxNews,0.0,13,@pdoocy @brithume @FoxNews https://t.co/3aWRRyNuRZ
13,0.2235,2018-10-03 23:09:48+00:00,0.0,0.841,@FoxNews,0.159,14,@FoxNews Just when you think they CANNOT go any lower.  Democrats.
14,0.1154,2018-10-03 23:09:48+00:00,0.0,0.943,@FoxNews,0.057,15,"RT @FoxNews: .@PressSec: ‚ÄúThe testimony by Dr. Ford was compelling, but you can‚Äôt make this decision based on emotion, it has to be based o‚Ä¶"
15,0.0,2018-10-03 23:09:47+00:00,0.0,1.0,@FoxNews,0.0,16,"RT @pdoocy: üö®NEW @Foxnews POLLSüö®

ND: Heitkamp 41, Cramer 53

IN: Donnelly 43, Braun 41

AZ: Sinema 47, McSally 45

MO: McCaskill 43, Hawle‚Ä¶"
16,0.0,2018-10-03 23:09:46+00:00,0.0,1.0,@FoxNews,0.0,17,@FoxNews @GOPChairwoman Vote!!! üá∫üá∏üá∫üá∏üá∫üá∏
17,-0.5688,2018-10-03 23:09:46+00:00,0.269,0.731,@FoxNews,0.0,18,@FoxNews A very brazen threat ü§™better have some evidence üí©
18,0.0,2018-10-03 23:09:46+00:00,0.0,1.0,@FoxNews,0.0,19,RT @JudgeJeanine: Prepping for @TheFive - see you soon on @FoxNews https://t.co/W9CdVXb4dP
19,0.0,2018-10-03 23:09:45+00:00,0.0,1.0,@FoxNews,0.0,20,"RT @FoxNews: .@SenatorWicker on Kavanaugh FBI report: ""What I was told is that we expect the report today. That there will be an opportunit‚Ä¶"
20,0.5106,2018-10-03 23:09:44+00:00,0.0,0.829,@FoxNews,0.171,21,"RT @foxnewspoll: NEW @FoxNews #Poll on #Arizona #SenateRace 

#Democrat #KyrstenSinema tops #Republican #MarthaMcSally by 47-45% among Ariz‚Ä¶"
21,0.0,2018-10-03 23:09:43+00:00,0.0,1.0,@FoxNews,0.0,22,@FoxNews https://t.co/jklEVebGfc
22,0.3612,2018-10-03 23:09:42+00:00,0.0,0.848,@FoxNews,0.152,23,@FoxNews @realDonaldTrump @BretBaier @POTUS I would like to talk about percentages of Presidential Second Terms.the‚Ä¶ https://t.co/q74BQwRYv0
23,-0.2263,2018-10-03 23:09:41+00:00,0.146,0.751,@FoxNews,0.103,24,"@BarbHuber9 @byteme1944 @FoxNews And also, what's wrong with a parent helping their kids out- on whatever level the‚Ä¶ https://t.co/CbhxjFImoX"
24,-0.25,2018-10-03 23:09:41+00:00,0.133,0.867,@FoxNews,0.0,25,RT @FoxNews: Philadelphia Flyers mascot Gritty's likeness wears Antifa logo at anti-Trump protest https://t.co/WxvMuLlN1L
25,0.0,2018-10-03 23:09:41+00:00,0.0,1.0,@FoxNews,0.0,26,@FoxNews Me too
26,-0.3818,2018-10-03 23:09:40+00:00,0.205,0.795,@FoxNews,0.0,27,RT @FoxNews: .@GOPChairwoman: Midterm elections are no time to stay home. Complacency will be costly https://t.co/YmabsRfFSm
27,0.0,2018-10-03 23:09:40+00:00,0.0,1.0,@FoxNews,0.0,28,"RT @melissa5215: President Trump slams Blumenthal for claiming he served in Vietnam, when in fact, he did not! Then Blumenthal lectures Kav‚Ä¶"
28,0.0,2018-10-03 23:09:39+00:00,0.0,1.0,@FoxNews,0.0,29,"RT @foxnewspoll: NEW:  How incumbent #SenateDemocrats vote on #Kavanaugh could tip tight races:

#JoeDonnelly in #Indiana
#HeidiHeitkamp in‚Ä¶"
29,0.0,2018-10-03 23:09:38+00:00,0.0,1.0,@FoxNews,0.0,30,RT @FoxNews: President @realDonaldTrump is looking to drive people to the polls in November. @BretBaier takes a look at how @POTUS will imp‚Ä¶
30,-0.0772,2018-10-03 23:09:38+00:00,0.236,0.551,@FoxNews,0.213,31,@LindseyGrahamSC @lilrascal01 @FoxNews @seanhannity Democrats are party of deceit
31,-0.4215,2018-10-03 23:09:37+00:00,0.168,0.73,@FoxNews,0.102,32,"@FoxNews Dr ford raped me when i was a young boy, while connie chung watched.
You gotta believe me, because i said it true #metoo"
32,-0.1531,2018-10-03 23:09:36+00:00,0.135,0.714,@FoxNews,0.151,33,@FoxNews @realDonaldTrump Thank you Mr. President for saying what the rest of us want to say about her stupid testi‚Ä¶ https://t.co/EDPCJzYKAP
33,0.6369,2018-10-03 23:09:36+00:00,0.0,0.417,@FoxNews,0.583,34,@FoxNews Love this story.
34,-0.3818,2018-10-03 23:09:36+00:00,0.133,0.867,@FoxNews,0.0,35,RT @FoxNews: GOP senators slam Dems' 'baseless innuendo' over previous Kavanaugh background checks; source calls claims a 'joke' https://t.‚Ä¶
35,-0.8779,2018-10-03 23:09:36+00:00,0.416,0.584,@FoxNews,0.0,36,"RT @JuddApatow: No, bottom is the President mocking a victim of sexual assault.   Bottom is a President who is being exposed as a tax cheat‚Ä¶"
36,0.3612,2018-10-03 23:09:35+00:00,0.0,0.898,@FoxNews,0.102,37,@FoxNews GOP has been caught. This is like when they were all caught ‚Äújoking‚Äù that putin pays trump. ‚ÄúThis is how w‚Ä¶ https://t.co/kIQ9lCCitx
37,-0.4215,2018-10-03 23:09:34+00:00,0.189,0.697,@FoxNews,0.115,38,@Mr_Bone_Dangles @FoxNews @NHLFlyers Why in the hell would the @NHL or the @NHLFlyers be pro-Trump? Approved or not‚Ä¶ https://t.co/TupjY23Ejl
38,0.5949,2018-10-03 23:09:34+00:00,0.0,0.815,@FoxNews,0.185,39,@Champenoise46 @JessieJaneDuff I am so glad President Trump called her out for her UN CREDIBLE Testimony.  People o‚Ä¶ https://t.co/vpT2yq2IMn
39,0.0,2018-10-03 23:09:34+00:00,0.0,1.0,@FoxNews,0.0,40,"RT @pdoocy: üö®NEW @Foxnews POLLSüö®

ND: Heitkamp 41, Cramer 53

IN: Donnelly 43, Braun 41

AZ: Sinema 47, McSally 45

MO: McCaskill 43, Hawle‚Ä¶"
40,-0.3818,2018-10-03 23:09:33+00:00,0.133,0.867,@FoxNews,0.0,41,RT @FoxNews: GOP senators slam Dems' 'baseless innuendo' over previous Kavanaugh background checks; source calls claims a 'joke' https://t.‚Ä¶
41,0.2732,2018-10-03 23:09:33+00:00,0.0,0.488,@FoxNews,0.512,42,@FoxNews clinton supporter
42,-0.7385,2018-10-03 23:09:33+00:00,0.294,0.706,@FoxNews,0.0,43,RT @SandS_1469: @FoxNews @realDonaldTrump We need to hold this Dirt Bag accountable for his hateful rhetoric! https://t.co/JxKAXTZKSy
43,0.4404,2018-10-03 23:09:33+00:00,0.0,0.734,@FoxNews,0.266,44,@FoxNews take a good look at the Real kavanaugh. https://t.co/qxNClQfrxx
44,-0.6103,2018-10-03 23:09:33+00:00,0.399,0.601,@FoxNews,0.0,45,@FoxNews One stupid mthrfkr... looks it too!!
45,0.0,2018-10-03 23:09:32+00:00,0.0,1.0,@FoxNews,0.0,46,"@SloanHouston @pdoocy @brithume @FoxNews We need more than Hawley, but he'll do for now. As an independent conserva‚Ä¶ https://t.co/hiqTQwPAZZ"
46,0.3182,2018-10-03 23:09:32+00:00,0.0,0.874,@FoxNews,0.126,47,"@LSATtutor @pdoocy @guypbenson @FoxNews That seems a bit too optimistic. Since this isn't a red wave, assume incumbents survive."
47,-0.3818,2018-10-03 23:09:31+00:00,0.133,0.867,@FoxNews,0.0,48,RT @FoxNews: GOP senators slam Dems' 'baseless innuendo' over previous Kavanaugh background checks; source calls claims a 'joke' https://t.‚Ä¶
48,0.0,2018-10-03 23:09:31+00:00,0.0,1.0,@FoxNews,0.0,49,RT @FoxNews: President @realDonaldTrump is looking to drive people to the polls in November. @BretBaier takes a look at how @POTUS will imp‚Ä¶
49,0.0,2018-10-03 23:09:31+00:00,0.0,1.0,@FoxNews,0.0,50,@FoxNews Old Men in Senate need to retire!
50,0.0,2018-10-03 23:09:31+00:00,0.0,1.0,@FoxNews,0.0,51,@FoxNews Georgetown professor needs to be investigated.
51,0.7297,2018-10-03 23:09:30+00:00,0.0,0.746,@FoxNews,0.254,52,"RT @Alkhaldi9999999: King Salman is a red line for the Saudi people üëå

@FoxNews 
@FinancialTimes 
@thesundaytimes 
@TIME 
@nytimes 
@WSJ 
@‚Ä¶"
52,0.0,2018-10-03 23:09:29+00:00,0.0,1.0,@FoxNews,0.0,53,"RT @pdoocy: üö®NEW @Foxnews POLLSüö®

ND: Heitkamp 41, Cramer 53

IN: Donnelly 43, Braun 41

AZ: Sinema 47, McSally 45

MO: McCaskill 43, Hawle‚Ä¶"
53,-0.8622,2018-10-03 23:09:29+00:00,0.336,0.664,@FoxNews,0.0,54,"@FoxNews Liberals are unhinged! When they end up killing someone, they‚Äôre going to start a war they would‚Äôve wished‚Ä¶ https://t.co/kl3toxLxAh"
54,-0.3818,2018-10-03 23:09:28+00:00,0.133,0.867,@FoxNews,0.0,55,RT @FoxNews: GOP senators slam Dems' 'baseless innuendo' over previous Kavanaugh background checks; source calls claims a 'joke' https://t.‚Ä¶
55,-0.0844,2018-10-03 23:09:28+00:00,0.188,0.684,@FoxNews,0.128,56,@FoxNews Women to accuse people without evidence: National Security breach in the United States!   Next  target: Tr‚Ä¶ https://t.co/sLJw9EnNby
56,-0.6808,2018-10-03 23:09:27+00:00,0.301,0.699,@FoxNews,0.0,57,"RT @FoxNews: Utah man arrested in ricin probe after suspicious mailings to Trump, Pentagon https://t.co/4QP981n36r"
57,0.0,2018-10-03 23:09:27+00:00,0.0,1.0,@FoxNews,0.0,58,RT @FoxNews: .@newtgingrich: The midterm elections aren't really about Trump ‚Äì We're at a major turning point in our history https://t.co/3‚Ä¶
58,0.0516,2018-10-03 23:09:25+00:00,0.154,0.726,@FoxNews,0.12,59,RT @FoxNews: Firefighters in Nevada rescued three little bears after they got stuck in a dumpster looking for a midnight snack. https://t.c‚Ä¶
59,0.7297,2018-10-03 23:09:25+00:00,0.0,0.746,@FoxNews,0.254,60,"RT @Alkhaldi9999999: King Salman is a red line for the Saudi people üëå

@FoxNews 
@FinancialTimes 
@thesundaytimes 
@TIME 
@nytimes 
@WSJ 
@‚Ä¶"
60,0.0516,2018-10-03 23:09:24+00:00,0.154,0.726,@FoxNews,0.12,61,RT @FoxNews: Firefighters in Nevada rescued three little bears after they got stuck in a dumpster looking for a midnight snack. https://t.c‚Ä¶
61,-0.5984,2018-10-03 23:09:24+00:00,0.268,0.613,@FoxNews,0.119,62,@FoxNews Dick Durbin isnt some kind of conspiracy theory nut.   He‚Äôs a respected decent man.    His word is good.‚Ä¶ https://t.co/SW1NNmnw0u
62,0.0,2018-10-03 23:09:24+00:00,0.0,1.0,@FoxNews,0.0,63,RT @VMontanero: @FoxNews @realDonaldTrump @BretBaier @POTUS https://t.co/16tpTlbXRL
63,0.4973,2018-10-03 23:09:23+00:00,0.0,0.608,@FoxNews,0.392,64,@lisawither @FoxNews @KellyannePolls She's not racist.
64,-0.3818,2018-10-03 23:09:23+00:00,0.205,0.795,@FoxNews,0.0,65,RT @FoxNews: .@GOPChairwoman: Midterm elections are no time to stay home. Complacency will be costly https://t.co/YmabsRfFSm
65,0.0,2018-10-03 23:09:23+00:00,0.0,1.0,@FoxNews,0.0,66,RT @FoxNews: .@newtgingrich: The midterm elections aren't really about Trump ‚Äì We're at a major turning point in our history https://t.co/3‚Ä¶
66,0.0,2018-10-03 23:09:23+00:00,0.0,1.0,@FoxNews,0.0,67,RT @FoxNews: President @realDonaldTrump is looking to drive people to the polls in November. @BretBaier takes a look at how @POTUS will imp‚Ä¶
67,-0.7404,2018-10-03 23:09:23+00:00,0.269,0.731,@FoxNews,0.0,68,@jkhIamdivine12 @CMG87951598 @FoxNews You guys are disgusting for being so worried about men. Teach your kids not t‚Ä¶ https://t.co/SeydX1q7zr
68,-0.5574,2018-10-03 23:09:22+00:00,0.195,0.805,@FoxNews,0.0,69,@FoxNews Now it is about time to finish this liberal BS and confirm the @BrettKavanaugh . And leave these liars alo‚Ä¶ https://t.co/4d7SongpSP
69,0.296,2018-10-03 23:09:22+00:00,0.0,0.82,@FoxNews,0.18,70,"@FoxNews @newtgingrich Yeah, it's very much about trump. Go home newt."
70,-0.8779,2018-10-03 23:09:22+00:00,0.416,0.584,@FoxNews,0.0,71,"RT @JuddApatow: No, bottom is the President mocking a victim of sexual assault.   Bottom is a President who is being exposed as a tax cheat‚Ä¶"
71,0.0,2018-10-03 23:09:21+00:00,0.0,1.0,@FoxNews,0.0,72,@DesireeResists @FoxNews Our jails are full of adults that were disciplined as children.  And I don‚Äôt just mean spanking
72,0.7297,2018-10-03 23:09:20+00:00,0.0,0.746,@FoxNews,0.254,73,"RT @Alkhaldi9999999: King Salman is a red line for the Saudi people üëå

@FoxNews 
@FinancialTimes 
@thesundaytimes 
@TIME 
@nytimes 
@WSJ 
@‚Ä¶"
73,0.892,2018-10-03 23:09:20+00:00,0.0,0.458,@FoxNews,0.542,74,@FoxNews Another heroic deed by a firefighter. So cute. Thanks for the pic
74,0.508,2018-10-03 23:09:19+00:00,0.0,0.81,@FoxNews,0.19,75,RT @RightSideSkirt: Roundhouse kicked a pro-life woman! @FoxNews @TuckerCarlson @seanhannity Help find this man! -RT- https://t.co/tjCIXs7u‚Ä¶
75,-0.3818,2018-10-03 23:09:19+00:00,0.133,0.867,@FoxNews,0.0,76,RT @FoxNews: GOP senators slam Dems' 'baseless innuendo' over previous Kavanaugh background checks; source calls claims a 'joke' https://t.‚Ä¶
76,0.0,2018-10-03 23:09:18+00:00,0.0,1.0,@FoxNews,0.0,77,"@Briajam99 @katpaw13_kay @FoxNews @Jim_Jordan FFFFF, 
Bart"
77,-0.1779,2018-10-03 23:09:18+00:00,0.214,0.651,@FoxNews,0.135,78,@joepatch52 @FoxNews @POTUS @WhiteHouse Their ‚Äúmaterial‚Äù is grossly distorted and inaccurate... and abt as funny as‚Ä¶ https://t.co/yCH19bX8xe
78,0.0665,2018-10-03 23:09:17+00:00,0.16,0.67,@FoxNews,0.17,79,@FoxNews @POTUS @WhiteHouse No he was not mocking Ford. He was telling the truth. How low have the Democrats put Ka‚Ä¶ https://t.co/iwvHw8OSGL
79,-0.2023,2018-10-03 23:09:17+00:00,0.259,0.741,@FoxNews,0.0,80,"@iamb00my @AnthnyMazzeo @FoxNews @KristinaParts @TeamCavuto Nah man, pretend all u want.üëç"
80,-0.296,2018-10-03 23:09:16+00:00,0.216,0.784,@FoxNews,0.0,81,@FoxNews You have no idea what their feeding you.
81,-0.34,2018-10-03 23:09:16+00:00,0.118,0.882,@FoxNews,0.0,82,"RT @FoxNews: .@JesseBWatters: ""Senate investigators are looking for the facts. Unfortunately for Democrats, they don't have any facts."" #Th‚Ä¶"
82,0.6369,2018-10-03 23:09:15+00:00,0.135,0.597,@FoxNews,0.267,83,What‚Äôs Good for the Goose is Good for the Gander &gt; Accuser Blasey Ford Yearbook shows she was Party Drunk üòµ 1 Beer?‚Ä¶ https://t.co/I25vbu8tpy
83,0.0,2018-10-03 23:09:15+00:00,0.0,1.0,@FoxNews,0.0,84,"@WoernaBurner @FrankWolffen @FoxNews @RepSwalwell Heres your sign. Secondly, you just bit off way more then you can‚Ä¶ https://t.co/9dQ42U6lIY"
84,-0.5106,2018-10-03 23:09:14+00:00,0.32,0.68,@FoxNews,0.0,85,@pdoocy @FoxNews Oooof that Heikamp poll is ugly.
85,-0.7482,2018-10-03 23:09:14+00:00,0.251,0.749,@FoxNews,0.0,86,RT @kat_hassinger: @FoxNews @realDonaldTrump @BretBaier @POTUS Impact ! Um.... he has pissed off a lot of regular republicans !!!!
86,0.6249,2018-10-03 23:09:13+00:00,0.0,0.758,@FoxNews,0.242,87,"@FoxNews @realDonaldTrump @BretBaier @POTUS Drive people to the polls, well yes... He‚Äôs doing it honestly.  Look at‚Ä¶ https://t.co/M4UfuEHPyB"
87,0.0,2018-10-03 23:09:12+00:00,0.0,1.0,@FoxNews,0.0,88,RT @FoxNews: .@Comey subpoena considered by Republicans on Capitol Hill https://t.co/txJu54FYRH https://t.co/5xhrmNZVm4
88,-0.5574,2018-10-03 23:09:12+00:00,0.245,0.603,@FoxNews,0.152,89,@DavidWetherell @EdKrassen @FoxNews You had to actually cover news with facts and truth so...fox was at a loss w/snowball chance in hell
89,-0.7798,2018-10-03 23:09:11+00:00,0.264,0.736,@FoxNews,0.0,90,"RT @FoxNews: .@IngrahamAngle: ""The left is moving in lockstep in their sleazy effort to obliterate not only the Supreme Court confirmation‚Ä¶"
90,0.0258,2018-10-03 23:09:11+00:00,0.093,0.81,@FoxNews,0.097,91,"RT @FoxNews: .@MikeEmanuelFox: ""Security is tight and tension is rising as the Senate prepares to start the clock on Judge Brett Kavanaugh'‚Ä¶"
91,0.0,2018-10-03 23:09:11+00:00,0.0,1.0,@FoxNews,0.0,92,@Bootlegging101 @ShepNewsTeam @FoxNews @GOP @realDonaldTrump you can not tell the difference between Shep and CNN
92,-0.6808,2018-10-03 23:09:11+00:00,0.301,0.699,@FoxNews,0.0,93,"RT @FoxNews: Utah man arrested in ricin probe after suspicious mailings to Trump, Pentagon https://t.co/4QP981n36r"
93,-0.7123,2018-10-03 23:09:11+00:00,0.259,0.741,@FoxNews,0.0,94,@theNorthVision @SloanHouston @pdoocy @brithume @FoxNews @AP4Liberty Not a fan of Hawley but I‚Äôm voting for him over Obama‚Äôs failed policies
94,-0.34,2018-10-03 23:09:10+00:00,0.118,0.882,@FoxNews,0.0,95,"RT @FoxNews: .@JesseBWatters: ""Senate investigators are looking for the facts. Unfortunately for Democrats, they don't have any facts."" #Th‚Ä¶"
95,0.0,2018-10-03 23:09:10+00:00,0.0,1.0,@FoxNews,0.0,96,RT @FoxNews: .@newtgingrich: The midterm elections aren't really about Trump ‚Äì We're at a major turning point in our history https://t.co/3‚Ä¶
96,0.1779,2018-10-03 23:09:10+00:00,0.091,0.788,@FoxNews,0.12,97,@pdoocy @FoxNews No question our country is split down the middle. It‚Äôs funny thinking back on the 2016 election wh‚Ä¶ https://t.co/pozti2gj3c
97,-0.4767,2018-10-03 23:09:09+00:00,0.205,0.795,@FoxNews,0.0,98,"@LindseyGrahamSC @FoxNews @seanhannity You gonna bring shame to yourself again, ya sell out."
98,0.0,2018-10-03 23:09:09+00:00,0.0,1.0,@FoxNews,0.0,99,@FoxNews this is who many of you compare to Christ?https://t.co/Vf0bBzecuY
99,-0.6124,2018-10-03 23:09:09+00:00,0.333,0.667,@FoxNews,0.0,100,"RT @FoxNews: Philadelphia shooting outside dollar store leaves 5 injured, 1 critical: report https://t.co/bgytYze02a"
0,-0.1695,2018-10-03 23:09:56+00:00,0.094,0.906,@nytimes,0.0,1,"@nytimes Personally, I am not surprised that @nytimes published this old story the day after @realDonaldTrump signe‚Ä¶ https://t.co/JR7vcTf1tm"
1,0.0,2018-10-03 23:09:56+00:00,0.0,1.0,@nytimes,0.0,2,"RT @carolynryan: We had to bring in extra printing plant workers at @nytimes to put out this 8-page 14,000-word historic investigation. htt‚Ä¶"
2,0.0,2018-10-03 23:09:54+00:00,0.0,1.0,@nytimes,0.0,3,"@markknoller @nytimes @PressSec Hold your breath, @PressSec"
3,-0.7845,2018-10-03 23:09:54+00:00,0.305,0.695,@nytimes,0.0,4,"#Kavanaugh must be in some seriously deep shit when the lawyers start abandoning ship en masse:
The Senate Should N‚Ä¶ https://t.co/TnM2MPxQam"
4,0.0,2018-10-03 23:09:54+00:00,0.0,1.0,@nytimes,0.0,5,"RT @nytimes: In Opinion

650+ law professors (and counting) signed a letter saying that Brett Kavanaugh lacks the judicial temperament to b‚Ä¶"
5,0.0,2018-10-03 23:09:53+00:00,0.0,1.0,@nytimes,0.0,6,"RT @nytimes: In Opinion

650+ law professors (and counting) signed a letter saying that Brett Kavanaugh lacks the judicial temperament to b‚Ä¶"
6,0.0,2018-10-03 23:09:53+00:00,0.0,1.0,@nytimes,0.0,7,RT @nytimes: President Trump has sold himself as a self-made billionaire but a Times investigation found that he received more than $400 mi‚Ä¶
7,0.0,2018-10-03 23:09:53+00:00,0.0,1.0,@nytimes,0.0,8,"RT @Showtime: #Breaking: This Sunday, #Showtime to debut new #documentary short, #TheFamilyBusiness: Trump and Taxes, with cameras once aga‚Ä¶"
8,-0.6486,2018-10-03 23:09:51+00:00,0.212,0.788,@nytimes,0.0,9,"A gripping, illuminating, and devastating episode of @mikiebarb's The Daily. Deep dive into the reporting behind to‚Ä¶ https://t.co/kdaRFPLOC7"
9,0.6705,2018-10-03 23:09:50+00:00,0.0,0.686,@nytimes,0.314,10,RT @nytimes: How Times journalists uncovered the original source of the president‚Äôs wealth https://t.co/kBccM5h95D
10,0.4215,2018-10-03 23:09:50+00:00,0.0,0.263,@nytimes,0.737,11,@nytimes Lol
11,0.0,2018-10-03 23:09:49+00:00,0.0,1.0,@nytimes,0.0,12,"RT @nytimes: In Opinion

650+ law professors (and counting) signed a letter saying that Brett Kavanaugh lacks the judicial temperament to b‚Ä¶"
12,0.0,2018-10-03 23:09:49+00:00,0.0,1.0,@nytimes,0.0,13,RT @nytimes: President Trump has sold himself as a self-made billionaire but a Times investigation found that he received more than $400 mi‚Ä¶
13,0.0,2018-10-03 23:09:48+00:00,0.0,1.0,@nytimes,0.0,14,"RT @nytimes: In Opinion

650+ law professors (and counting) signed a letter saying that Brett Kavanaugh lacks the judicial temperament to b‚Ä¶"
14,-0.5661,2018-10-03 23:09:47+00:00,0.177,0.823,@nytimes,0.0,15,"@nytimes Really? As if the failing NYT has any credibility? Let me guess,  all of them are liberals...lmaooooo.."
15,-0.6597,2018-10-03 23:09:47+00:00,0.18,0.82,@nytimes,0.0,16,RT @nytimes: Cervical cancer could be eliminated in Australia within the next two decades because of a government program to vaccinate chil‚Ä¶
16,-0.5106,2018-10-03 23:09:46+00:00,0.121,0.879,@nytimes,0.0,17,"RT @nytimes: As the 1980s ended, Donald Trump‚Äôs big bets began to go bust. Trump Shuttle was failing to make loan payments within 15 months‚Ä¶"
17,0.0,2018-10-03 23:09:46+00:00,0.0,1.0,@nytimes,0.0,18,RT @nytimes: President Trump has sold himself as a self-made billionaire but a Times investigation found that he received more than $400 mi‚Ä¶
18,0.6705,2018-10-03 23:09:46+00:00,0.0,0.686,@nytimes,0.314,19,RT @nytimes: How Times journalists uncovered the original source of the president‚Äôs wealth https://t.co/kBccM5h95D
19,-0.34,2018-10-03 23:09:45+00:00,0.179,0.821,@nytimes,0.0,20,@nytimes Because he wont rewrite the law.   These 650 + need to resign.
20,0.4609,2018-10-03 23:09:45+00:00,0.098,0.669,@nytimes,0.233,21,"@TimesTalks @cthagod @kanyewest @joncaramanica @nytimes No, nope, &amp; not a chance in hell. The black Heinrich and Ad‚Ä¶ https://t.co/Ygo06PvsAb"
21,0.0,2018-10-03 23:09:44+00:00,0.0,1.0,@nytimes,0.0,22,"RT @nytimes: In Opinion

650+ law professors (and counting) signed a letter saying that Brett Kavanaugh lacks the judicial temperament to b‚Ä¶"
22,0.0,2018-10-03 23:09:43+00:00,0.0,1.0,@nytimes,0.0,23,"RT @nytimes: In Opinion

650+ law professors (and counting) signed a letter saying that Brett Kavanaugh lacks the judicial temperament to b‚Ä¶"
23,-0.2263,2018-10-03 23:09:42+00:00,0.134,0.769,@nytimes,0.097,24,RT @MarkYoungTruth: The failing @nytimes New York Times using current cash value calculations in an attempt to defame @realDonaldTrump is a‚Ä¶
24,-0.7845,2018-10-03 23:09:41+00:00,0.385,0.615,@nytimes,0.0,25,@BriceEverson @KymberleyDawn1 @benlandis @WhiteHouse @nytimes I hate any who's stolen from America; incarcerates/ab‚Ä¶ https://t.co/byUdEfhAu6
25,-0.4215,2018-10-03 23:09:40+00:00,0.109,0.891,@nytimes,0.0,26,RT @cenkuygur: With both the @nytimes story about his tax evasion - and his pathological lies about how he was a self-made man - and the at‚Ä¶
26,0.0,2018-10-03 23:09:38+00:00,0.0,1.0,@nytimes,0.0,27,"RT @nytimes: In Opinion

650+ law professors (and counting) signed a letter saying that Brett Kavanaugh lacks the judicial temperament to b‚Ä¶"
27,-0.2263,2018-10-03 23:09:38+00:00,0.134,0.769,@nytimes,0.097,28,RT @MarkYoungTruth: The failing @nytimes New York Times using current cash value calculations in an attempt to defame @realDonaldTrump is a‚Ä¶
28,0.0,2018-10-03 23:09:36+00:00,0.0,1.0,@nytimes,0.0,29,RT @nytimes: President Trump has sold himself as a self-made billionaire but a Times investigation found that he received more than $400 mi‚Ä¶
29,0.0,2018-10-03 23:09:36+00:00,0.0,1.0,@nytimes,0.0,30,RT @nytimes: President Trump has sold himself as a self-made billionaire but a Times investigation found that he received more than $400 mi‚Ä¶
30,0.6705,2018-10-03 23:09:36+00:00,0.0,0.792,@nytimes,0.208,31,"RT @brianstelter: You know it's a huge story when... the Trump wealth investigation is STILL atop the @NYTimes home page, more than 24 hour‚Ä¶"
31,0.0,2018-10-03 23:09:35+00:00,0.0,1.0,@nytimes,0.0,32,"The Senate Should Not Confirm Kavanaugh. Signed, 650+ Law Professors.   via @NYTimes https://t.co/bUNPA8eT43"
32,0.0,2018-10-03 23:09:35+00:00,0.0,1.0,@nytimes,0.0,33,"RT @nytimes: In Opinion

650+ law professors (and counting) signed a letter saying that Brett Kavanaugh lacks the judicial temperament to b‚Ä¶"
33,0.0,2018-10-03 23:09:35+00:00,0.0,1.0,@nytimes,0.0,34,RT @nytimes: President Trump has sold himself as a self-made billionaire but a Times investigation found that he received more than $400 mi‚Ä¶
34,-0.5859,2018-10-03 23:09:34+00:00,0.278,0.595,@nytimes,0.127,35,"@nytimes The Lord is protecting and blessing Kavanaugh and his family against corrupt, dishonest, liar and traitors‚Ä¶ https://t.co/pFt4XqFN5V"
35,0.0,2018-10-03 23:09:34+00:00,0.0,1.0,@nytimes,0.0,36,"RT @carolynryan: We had to bring in extra printing plant workers at @nytimes to put out this 8-page 14,000-word historic investigation. htt‚Ä¶"
36,0.0,2018-10-03 23:09:33+00:00,0.0,1.0,@nytimes,0.0,37,@nytimes Liberals all political
37,0.0,2018-10-03 23:09:31+00:00,0.0,1.0,@nytimes,0.0,38,RT @nytimes: President Trump has sold himself as a self-made billionaire but a Times investigation found that he received more than $400 mi‚Ä¶
38,0.7297,2018-10-03 23:09:30+00:00,0.0,0.746,@nytimes,0.254,39,"RT @Alkhaldi9999999: King Salman is a red line for the Saudi people üëå

@FoxNews 
@FinancialTimes 
@thesundaytimes 
@TIME 
@nytimes 
@WSJ 
@‚Ä¶"
39,0.0,2018-10-03 23:09:29+00:00,0.0,1.0,@nytimes,0.0,40,"RT @nytimes: In Opinion

650+ law professors (and counting) signed a letter saying that Brett Kavanaugh lacks the judicial temperament to b‚Ä¶"
40,0.0,2018-10-03 23:09:29+00:00,0.0,1.0,@nytimes,0.0,41,@nytimes So?
41,0.0,2018-10-03 23:09:28+00:00,0.0,1.0,@nytimes,0.0,42,"RT @nytimes: In Opinion

650+ law professors (and counting) signed a letter saying that Brett Kavanaugh lacks the judicial temperament to b‚Ä¶"
42,0.0,2018-10-03 23:09:28+00:00,0.0,1.0,@nytimes,0.0,43,"RT @nytimes: In Opinion

650+ law professors (and counting) signed a letter saying that Brett Kavanaugh lacks the judicial temperament to b‚Ä¶"
43,0.4019,2018-10-03 23:09:28+00:00,0.0,0.803,@nytimes,0.197,44,@nytimes You can take your letter and clean your windows with it .
44,0.6705,2018-10-03 23:09:27+00:00,0.0,0.686,@nytimes,0.314,45,RT @nytimes: How Times journalists uncovered the original source of the president‚Äôs wealth https://t.co/kBccM5h95D
45,-0.5859,2018-10-03 23:09:27+00:00,0.16,0.84,@nytimes,0.0,46,"RT @richardhine: Following @nytimes reports about the massive handouts that Trump received and the massive tax fraud that followed, the myt‚Ä¶"
46,0.5994,2018-10-03 23:09:27+00:00,0.0,0.671,@nytimes,0.329,47,"@nytimes Lol 90% of law professors.

Might as well say ‚Äò Registered Democrats ‚Äò"
47,-0.4588,2018-10-03 23:09:27+00:00,0.158,0.842,@nytimes,0.0,48,RT @HallieJackson: .@RepSwalwell on @nytimes investigation: The American people deserve to know if their president is a cheat.
48,0.0,2018-10-03 23:09:26+00:00,0.0,1.0,@nytimes,0.0,49,@nytimes Only 650+ ?
49,0.0,2018-10-03 23:09:26+00:00,0.0,1.0,@nytimes,0.0,50,"RT @nytimes: In Opinion

650+ law professors (and counting) signed a letter saying that Brett Kavanaugh lacks the judicial temperament to b‚Ä¶"
50,0.6239,2018-10-03 23:09:25+00:00,0.0,0.687,@nytimes,0.313,51,"@LAFashionDist @nytimes Wow, they've finally got something right about LA!"
51,0.0,2018-10-03 23:09:25+00:00,0.0,1.0,@nytimes,0.0,52,"RT @nytimes: In Opinion

650+ law professors (and counting) signed a letter saying that Brett Kavanaugh lacks the judicial temperament to b‚Ä¶"
52,0.3008,2018-10-03 23:09:25+00:00,0.0,0.871,@nytimes,0.129,53,@smerconish @nytimes @realDonaldTrump Almost sounds like extortion. I wouldn‚Äôt imagine someone doing that to any sitting president.
53,0.0,2018-10-03 23:09:25+00:00,0.0,1.0,@nytimes,0.0,54,"RT @nytimes: By age 3, Donald Trump was earning $200,000 a year in today‚Äôs dollars from his father‚Äôs empire.

In all, financial records rev‚Ä¶"
54,-0.5994,2018-10-03 23:09:25+00:00,0.249,0.605,@nytimes,0.146,55,"@AngelaR33734347 @nytimes 1. She has defended him recently
2. She created a War Room to attack these women. She was well aware..."
55,0.7297,2018-10-03 23:09:25+00:00,0.0,0.746,@nytimes,0.254,56,"RT @Alkhaldi9999999: King Salman is a red line for the Saudi people üëå

@FoxNews 
@FinancialTimes 
@thesundaytimes 
@TIME 
@nytimes 
@WSJ 
@‚Ä¶"
56,0.0,2018-10-03 23:09:25+00:00,0.0,1.0,@nytimes,0.0,57,"RT @nytimes: In Opinion

650+ law professors (and counting) signed a letter saying that Brett Kavanaugh lacks the judicial temperament to b‚Ä¶"
57,-0.2263,2018-10-03 23:09:24+00:00,0.134,0.769,@nytimes,0.097,58,RT @MarkYoungTruth: The failing @nytimes New York Times using current cash value calculations in an attempt to defame @realDonaldTrump is a‚Ä¶
58,0.6705,2018-10-03 23:09:23+00:00,0.0,0.686,@nytimes,0.314,59,RT @nytimes: How Times journalists uncovered the original source of the president‚Äôs wealth https://t.co/kBccM5h95D
59,-0.2263,2018-10-03 23:09:23+00:00,0.134,0.769,@nytimes,0.097,60,RT @MarkYoungTruth: The failing @nytimes New York Times using current cash value calculations in an attempt to defame @realDonaldTrump is a‚Ä¶
60,0.5719,2018-10-03 23:09:23+00:00,0.0,0.684,@nytimes,0.316,61,@nytimes Cant wait till he sues you and wins.
61,-0.6597,2018-10-03 23:09:23+00:00,0.188,0.812,@nytimes,0.0,62,Australia might see an elimination of cervical cancer in the next two decades due to a government program to vaccin‚Ä¶ https://t.co/Nec5APz7vm
62,0.3612,2018-10-03 23:09:23+00:00,0.0,0.857,@nytimes,0.143,63,"RT @smerconish: Using words like ""fraud"", ""sham"", ""improper"", ""siphoned"", ""con"", ""ruse"", ""dodged"", @nytimes is inviting/begging @realDonald‚Ä¶"
63,0.4019,2018-10-03 23:09:21+00:00,0.0,0.891,@nytimes,0.109,64,"RT @NewYorker: The¬†@nytimes¬†article claims that Trump didn‚Äôt merely get some family support, he received a vast fortune, and some of the fa‚Ä¶"
64,0.4588,2018-10-03 23:09:21+00:00,0.0,0.4,@nytimes,0.6,65,@nytimes Who cares
65,-0.5859,2018-10-03 23:09:21+00:00,0.16,0.84,@nytimes,0.0,66,"RT @richardhine: Following @nytimes reports about the massive handouts that Trump received and the massive tax fraud that followed, the myt‚Ä¶"
66,0.7297,2018-10-03 23:09:20+00:00,0.0,0.746,@nytimes,0.254,67,"RT @Alkhaldi9999999: King Salman is a red line for the Saudi people üëå

@FoxNews 
@FinancialTimes 
@thesundaytimes 
@TIME 
@nytimes 
@WSJ 
@‚Ä¶"
67,0.0,2018-10-03 23:09:20+00:00,0.0,1.0,@nytimes,0.0,68,"RT @nytimes: In Opinion

650+ law professors (and counting) signed a letter saying that Brett Kavanaugh lacks the judicial temperament to b‚Ä¶"
68,0.0772,2018-10-03 23:09:19+00:00,0.106,0.773,@nytimes,0.121,69,"@nytimes @backbeatlosit I will never go to the states again, I will avoid buying American produces like the plague,‚Ä¶ https://t.co/T5usxaufd3"
69,-0.2263,2018-10-03 23:09:17+00:00,0.134,0.769,@nytimes,0.097,70,RT @MarkYoungTruth: The failing @nytimes New York Times using current cash value calculations in an attempt to defame @realDonaldTrump is a‚Ä¶
70,-0.4215,2018-10-03 23:09:17+00:00,0.109,0.891,@nytimes,0.0,71,RT @cenkuygur: With both the @nytimes story about his tax evasion - and his pathological lies about how he was a self-made man - and the at‚Ä¶
71,0.8625,2018-10-03 23:09:16+00:00,0.067,0.565,@nytimes,0.368,72,@nytimes Yeah and people care so much about 23 year old taxes that you have to PAY for a PROMOTED Tweet hoping peop‚Ä¶ https://t.co/4Tks85mPKq
72,0.0,2018-10-03 23:09:15+00:00,0.0,1.0,@nytimes,0.0,73,"@Chapman_SteveG @nytopinion @nytimes It's not, go look up ""financials"" and NYT."
73,-0.872,2018-10-03 23:09:15+00:00,0.331,0.669,@nytimes,0.0,74,"RT @TheMurdochTimes: 'Hate for The Last Jedi' was Fake News. The kind of Fake News that @CNN, @NYTimes, @VanityFair, @NBCNews and the rest‚Ä¶"
74,0.7096,2018-10-03 23:09:15+00:00,0.0,0.796,@nytimes,0.204,75,"RT @nytimes: By Nov. 22, 1997, Donald Trump and his siblings owned nearly all of their father‚Äôs real estate empire free and clear of estate‚Ä¶"
75,0.4019,2018-10-03 23:09:13+00:00,0.0,0.828,@nytimes,0.172,76,"@joyreaper @nytimes @cnsnews Interesting tactic, defund DeepState CIA by means of defamation suit. 
https://t.co/OBIpQXVAKP"
76,0.0,2018-10-03 23:09:13+00:00,0.0,1.0,@nytimes,0.0,77,"RT @nytimes: In Opinion

650+ law professors (and counting) signed a letter saying that Brett Kavanaugh lacks the judicial temperament to b‚Ä¶"
77,0.2023,2018-10-03 23:09:12+00:00,0.0,0.927,@nytimes,0.073,78,"RT @nytimes: In the 1980s, Fred Trump made an important structural change to his empire that produced a big new source of revenue for Donal‚Ä¶"
78,0.6705,2018-10-03 23:09:12+00:00,0.0,0.686,@nytimes,0.314,79,RT @nytimes: How Times journalists uncovered the original source of the president‚Äôs wealth https://t.co/kBccM5h95D
79,-0.1531,2018-10-03 23:09:10+00:00,0.153,0.676,@nytimes,0.171,80,"RT @Cuprikorn66: @mateagold @nytimes Okay, okay @realDonaldTrump is a career criminal. Every single decent living person already knows this‚Ä¶"
80,0.0,2018-10-03 23:09:10+00:00,0.0,1.0,@nytimes,0.0,81,"RT @nytimes: In Opinion

650+ law professors (and counting) signed a letter saying that Brett Kavanaugh lacks the judicial temperament to b‚Ä¶"
81,0.1098,2018-10-03 23:09:10+00:00,0.159,0.651,@nytimes,0.19,82,"RT @andywoolard: @MarkYoungTruth @nytimes @realDonaldTrump Never fear, they will go lower."
82,-0.4588,2018-10-03 23:09:10+00:00,0.115,0.885,@nytimes,0.0,83,"RT @farhip: Trump's attorney has threatened the @nytimes over its tax story. If history is any guide, nothing will ever come of it. Somethi‚Ä¶"
83,0.0,2018-10-03 23:09:09+00:00,0.0,1.0,@nytimes,0.0,84,RT @nytimes: President Trump has sold himself as a self-made billionaire but a Times investigation found that he received more than $400 mi‚Ä¶
84,0.0,2018-10-03 23:09:08+00:00,0.0,1.0,@nytimes,0.0,85,"RT @SaysHummingbird: ‚ÄúI got peanuts‚Äù from my dad, Trump has said. @nytimes investigation found Trump received $413m from his dad &amp; another‚Ä¶"
85,0.0,2018-10-03 23:09:08+00:00,0.0,1.0,@nytimes,0.0,86,"RT @nytimes: In Opinion

650+ law professors (and counting) signed a letter saying that Brett Kavanaugh lacks the judicial temperament to b‚Ä¶"
86,0.5994,2018-10-03 23:09:08+00:00,0.0,0.795,@nytimes,0.205,87,"RT @nytimes: When Donald Trump was 3 years old, his father effectively made him a landlord. Here‚Äôs how Fred Trump‚Äôs maneuver created a stea‚Ä¶"
87,0.0,2018-10-03 23:09:08+00:00,0.0,1.0,@nytimes,0.0,88,"RT @nytimes: In Opinion

650+ law professors (and counting) signed a letter saying that Brett Kavanaugh lacks the judicial temperament to b‚Ä¶"
88,0.0,2018-10-03 23:09:07+00:00,0.0,1.0,@nytimes,0.0,89,"RT @nytimes: In Opinion

650+ law professors (and counting) signed a letter saying that Brett Kavanaugh lacks the judicial temperament to b‚Ä¶"
89,0.128,2018-10-03 23:09:07+00:00,0.0,0.919,@nytimes,0.081,90,@Mleppard01 @nytimes What makes you think you have equivalent standing to make that judgement as legal professional‚Ä¶ https://t.co/lxrDzZF1my
90,0.0,2018-10-03 23:09:06+00:00,0.0,1.0,@nytimes,0.0,91,RT @wreckon95: @MarkYoungTruth @nytimes @realDonaldTrump Even for them? Did not know @nytimes had any level of bottom they would not go to?‚Ä¶
91,0.0,2018-10-03 23:09:06+00:00,0.0,1.0,@nytimes,0.0,92,@JTPaar @nytimes And 64+ million say don‚Äôt.
92,-0.7351,2018-10-03 23:09:05+00:00,0.396,0.604,@nytimes,0.0,93,@maddow @nytimes @ThisWeekABC @FaceTheNation @MeetThePress It's bizarre that news organizations stubbornly ignore i‚Ä¶ https://t.co/3Z36kX1yKu
93,0.0,2018-10-03 23:09:05+00:00,0.0,1.0,@nytimes,0.0,94,RT @nytimes: President Trump has sold himself as a self-made billionaire but a Times investigation found that he received more than $400 mi‚Ä¶
94,0.0,2018-10-03 23:09:04+00:00,0.0,1.0,@nytimes,0.0,95,"RT @nytimes: In Opinion

650+ law professors (and counting) signed a letter saying that Brett Kavanaugh lacks the judicial temperament to b‚Ä¶"
95,0.0,2018-10-03 23:09:02+00:00,0.0,1.0,@nytimes,0.0,96,RT @nytimes: The earthquake turned the ground into jelly in a deadly churn that sent buildings flowing sideways even as they were being suc‚Ä¶
96,0.4019,2018-10-03 23:09:02+00:00,0.0,0.863,@nytimes,0.137,97,"@zulustarlord @nytimes Yes, she'd been spending time there again #RIP

""Ms. Fares, who was originally from Baghdad,‚Ä¶ https://t.co/M5kRLVYxaV"
97,0.0,2018-10-03 23:09:01+00:00,0.0,1.0,@nytimes,0.0,98,@WilliamPecota @nhannahjones @glynmoody @nytimes I think they were complicit in Trump's victory regardless. I don't‚Ä¶ https://t.co/QFKcCA9dLR
98,0.0,2018-10-03 23:09:01+00:00,0.0,1.0,@nytimes,0.0,99,RT @ClayTravis: So despite selling more copies than many of the books on @nytimes bestseller list they left my book off. I bet if I‚Äôd had K‚Ä¶
99,-0.6222,2018-10-03 23:09:00+00:00,0.163,0.837,@nytimes,0.0,100,"RT @nytimes: The most overt fraud was All County Building Supply &amp; Maintenance, a company formed by the Trump family in 1992: https://t.co/‚Ä¶"
